"Extracted from the UNHCR Population Statistics Reference Database, United Nations High Commissioner for Refugees.",,,,,,,,,,,,,,,,
Date extracted: 2015-02-10 23:13 +00:00,,,,,,,,,,,,,,,,
,,,,,,,,,,,,,,,,
Time Series – Persons of concern to UNHCR,,,,,,,,,,,,,,,,
,,,,,,,,,,,,,,,,
Country / territory of residence,Origin / Returned from,Population type,2000,2001,2002,2003,2004,2005,2006,2007,2008,2009,2010,2011,2012,2013
Afghanistan,Afghanistan,Internally displaced,758625,1200000,665156,184269,159549,142505,129310,153718,230670,297129,351907,447547,486298,631286
Afghanistan,Afghanistan,Returned IDPs,,,753344,82067,27391,17044,10443,8012,6453,7225,3366,75453,18830,21830
Afghanistan,Afghanistan,Others of concern,,,,,,,,,,,838250,951167,879376,275486
Afghanistan,Antigua and Barbuda,Returned refugees,,,,,,,,4,,,,,,
Afghanistan,Australia,Returned refugees,,,,,,4,,4,1,1,,,,
Afghanistan,Austria,Returned refugees,,,,,,25,22,2,8,,,,,
Afghanistan,Azerbaijan,Returned refugees,,,19,25,3,22,1,6,,,10,8,2,17
Afghanistan,Bangladesh,Returned refugees,,,1,,,,,,,,,,,
Afghanistan,Belarus,Returned refugees,,,,6,20,24,15,12,,1,,,,
Afghanistan,Belgium,Returned refugees,,,,,,11,6,6,15,1,,,,
Afghanistan,Brazil,Returned refugees,,,,13,,1,,,,,,,,
Afghanistan,Bulgaria,Returned refugees,,,,7,,,,,,,,,,
Afghanistan,Cambodia,Returned refugees,,,,2,,,,,,,,,,
Afghanistan,Chile,Returned refugees,,,,,2,,1,,,,,,,
Afghanistan,China,Asylum seekers,,,,4,,2,,,,,,,,
Afghanistan,Denmark,Returned refugees,,,,,,65,5,4,1,,,,,
Afghanistan,Egypt,Returned refugees,,,6,4,,1,,,,,,,,
Afghanistan,Eritrea,Refugees,,,,,,,,,,1,,,,
Afghanistan,Eritrea,Asylum seekers,,,,,,,,,1,,,,,
Afghanistan,Ethiopia,Returned refugees,,,,,,,,1,,,,,,
Afghanistan,Finland,Returned refugees,,,,,,1,2,6,,,,,,
Afghanistan,France,Returned refugees,,,20,,,7,4,4,2,11,,,,
Afghanistan,Georgia,Returned refugees,,,2,,,9,,,,,,,,
Afghanistan,Germany,Returned refugees,,,,,,197,172,46,32,6,,,,
Afghanistan,Greece,Returned refugees,,,,,,,69,39,56,,,,,
Afghanistan,Hungary,Returned refugees,,,,1,,,,3,,,,,,
Afghanistan,India,Returned refugees,19,24,129,192,101,89,78,25,9,19,65,98,105,117
Afghanistan,Indonesia,Returned refugees,,,,,,4,5,13,24,7,4,,3,
Afghanistan,Iraq,Refugees,,3,1,3,3,1,1,4,7,6,6,3,2,*
Afghanistan,Iraq,Asylum seekers,2,,6,25,1,,,,2,,,1,2,*
Afghanistan,Iraq,Returned refugees,,,,,,,1,,,,,,,
Afghanistan,Ireland,Returned refugees,,,,1,,,,1,,,,,,
Afghanistan,Islamic Republic of Iran,Refugees,,3,2,19,26,31,34,38,30,30,30,34,37,36
Afghanistan,Islamic Republic of Iran,Asylum seekers,,,12,41,28,5,5,2,4,9,21,25,12,18
Afghanistan,Islamic Republic of Iran,Returned refugees,215566,18000,376247,269391,454547,289641,243648,7462,3656,6028,8487,18851,15035,8247
Afghanistan,Italy,Returned refugees,,,,,,2,,1,2,,,,,
Afghanistan,Japan,Returned refugees,,,,2,,5,1,,,,,,,
Afghanistan,Kazakhstan,Returned refugees,,,15,19,19,22,11,,,,,6,7,*
Afghanistan,Kyrgyzstan,Asylum seekers,,,,,,,,,,,,,,*
Afghanistan,Kyrgyzstan,Returned refugees,,,68,15,,2,6,9,13,23,5,,3,
Afghanistan,Lithuania,Returned refugees,,,,,,,,,,,,1,,
Afghanistan,Malaysia,Returned refugees,,,,5,,,,1,,,,,,
Afghanistan,Mexico,Returned refugees,,,,1,,,,,,,,,,
Afghanistan,Netherlands,Returned refugees,,,,81,,206,162,21,14,5,,,,
Afghanistan,Norway,Returned refugees,,,,,,28,47,28,12,5,,,,
Afghanistan,Pakistan,Refugees,,,,,1,,,,,,6398,2972,16147,16825
Afghanistan,Pakistan,Asylum seekers,,,,,,7,,2,3,3,9,27,37,45
Afghanistan,Pakistan,Returned refugees,76773,8000,1569248,375526,424477,461118,143019,365663,274200,51290,109383,52096,83423,31224
Afghanistan,Palestinian,Refugees,,,,,,,,,,,,,,*
Afghanistan,Poland,Returned refugees,,,,,,,,1,,,,,,
Afghanistan,Republic of Moldova,Returned refugees,,,,,,,,,,1,,,,
Afghanistan,Russian Federation,Returned refugees,,,,162,157,183,47,49,31,54,38,22,15,19
Afghanistan,Saudi Arabia,Returned refugees,,,,3,107,,,,,,,,,
Afghanistan,Sri Lanka,Returned refugees,,,,3,,,,1,,,,,,
Afghanistan,Swaziland,Returned refugees,,,,,,,,1,,,,,,
Afghanistan,Sweden,Returned refugees,,,,,,6,,11,19,4,,,,
Afghanistan,Switzerland,Returned refugees,,,,,,7,4,8,4,,,,,
Afghanistan,Syrian Arab Republic,Refugees,,,,,,,,,,,,,1,
Afghanistan,Syrian Arab Republic,Returned refugees,,,,8,,,,,,,,4,,
Afghanistan,Tajikistan,Asylum seekers,1,,,,,,,,,,,,,*
Afghanistan,Tajikistan,Returned refugees,,,11820,144,65,25,51,27,15,20,38,52,6,41
Afghanistan,Turkey,Returned refugees,6,,,,,1,10,,,,,,,
Afghanistan,Turkmenistan,Returned refugees,120,68,283,33,189,11,1,3,6,5,,,,
Afghanistan,Ukraine,Returned refugees,,,7,21,5,10,6,7,1,1,,7,10,
Afghanistan,United Kingdom,Returned refugees,,,,82,19,354,523,387,347,99,,,,
Afghanistan,United States,Returned refugees,,,,,,3,,,,,,,,
Afghanistan,Uzbekistan,Returned refugees,,,93,117,69,,,,21,1,2,,,
Albania,Afghanistan,Asylum seekers,,,,,,,,1,,,,,,
Albania,Algeria,Refugees,,,,,,,,1,1,,,1,1,
Albania,Algeria,Asylum seekers,,,,,,,1,,,,,,,
Albania,Argentina,Returned refugees,,,3,,,,,,,,,,,
Albania,Bangladesh,Asylum seekers,,,1,,,,1,,,,,,,
Albania,Barbados,Asylum seekers,,,,,,,,,,,,,1,
Albania,Belgium,Asylum seekers,,,,1,,,,,,,,,,
Albania,China,Refugees,,,,,,,5,5,4,6,6,9,10,12
Albania,China,Asylum seekers,,,,,1,1,2,1,,,,,,
Albania,Czech Republic,Refugees,,,,,,,,2,2,2,2,2,,
Albania,Czech Republic,Asylum seekers,,,,,,,,2,2,,,,,
Albania,Democratic Republic of the Congo,Refugees,,,,,,,,,,,,,,5
Albania,Democratic Republic of the Congo,Asylum seekers,,,,,,,,,,,,,5,
Albania,Egypt,Refugees,,,,,,,,1,1,1,3,3,2,*
Albania,Egypt,Asylum seekers,,,,,,,1,,,,,,,
Albania,Federal Republic of Yugoslavia,Refugees,507,278,6,,,,,,,,,,,
Albania,Federal Republic of Yugoslavia,Asylum seekers,4,4,30,,,,,,,,,,,
Albania,India,Asylum seekers,,,,,,4,,,,,,,,
Albania,Iraq,Refugees,9,7,3,7,9,7,4,5,5,5,5,5,5,5
Albania,Iraq,Asylum seekers,,,3,,,,,,,,2,,,
Albania,Islamic Republic of Iran,Refugees,,1,,1,1,1,,,,,1,,,
Albania,Islamic Republic of Iran,Asylum seekers,,,,1,,,,,,1,,,,196
Albania,Liberia,Refugees,,,,,,,,,,,,1,,
Albania,Liberia,Asylum seekers,,,,,,2,2,,,,,,,
Albania,Libyan Arab Jamahiriya,Refugees,,,,,,,,,,,1,,,
Albania,Mauritania,Asylum seekers,,,1,,,,,,,,,,,
Albania,Montenegro,Refugees,,,,,,,,,,1,1,2,2,*
Albania,Morocco,Asylum seekers,,,2,1,1,1,1,1,,,,,,
Albania,Nepal,Refugees,,,,,,1,,,,,,,,
Albania,Nepal,Asylum seekers,,,,,1,,,,,,,,,
Albania,Nigeria,Refugees,,,,,,,,2,,,,,,
Albania,Nigeria,Asylum seekers,,,,,,,,1,,,,,,
Albania,Occupied Palestinian Territory,Refugees,,,,,,1,1,2,2,3,3,3,,
Albania,Palestinian,Refugees,,,,,,,,,,,,,4,*
Albania,Peru,Refugees,,,,,,,,,,,,,,*
Albania,Peru,Returned refugees,1,,,,,,,,,,,,,
Albania,Republic of Moldova,Refugees,,,1,1,1,,,,,,,,,
Albania,Republic of Moldova,Asylum seekers,,1,1,1,,,,,,,,,,
Albania,Romania,Asylum seekers,,,1,2,,,,,,,,,,
Albania,Serbia (and Kosovo: S/RES/1244 (1999)),Refugees,,,,,,,40,51,47,48,49,50,54,54
Albania,Serbia (and Kosovo: S/RES/1244 (1999)),Asylum seekers,,,,,,,19,16,20,19,20,21,18,17
Albania,Serbia (and Kosovo: S/RES/1244 (1999)),Returned refugees,,,,,,,1,,,,,,,
Albania,Serbia and Montenegro,Refugees,,,,10,33,40,,,,,,,,
Albania,Serbia and Montenegro,Asylum seekers,,,,76,23,22,,,,,,,,
Albania,Somalia,Asylum seekers,,,,,,,,,,,,3,,
Albania,Stateless,Stateless,,,,,,,,,,,,,7443,7443
Albania,Sudan,Refugees,2,,,,,,,,,,,,,
Albania,Syrian Arab Republic,Asylum seekers,,,,,,,,,,,,,3,15
Albania,The former Yugoslav Republic of Macedonia,Refugees,,6,,,,,,,,,,,,
Albania,The former Yugoslav Republic of Macedonia,Asylum seekers,,29,2,10,7,5,8,,,,1,,,
Albania,Tunisia,Refugees,,,,,,,,,,,1,1,2,
Albania,Tunisia,Asylum seekers,,,,,2,,,,,,,,,
Albania,Turkey,Refugees,5,,7,7,7,6,6,7,2,3,3,3,3,*
Albania,Turkey,Asylum seekers,,37,11,1,1,,,,,,,,1,
Albania,United Kingdom,Returned refugees,,,,,,,9,2,,,,,,
Albania,Uzbekistan,Refugees,,,,,,,,1,1,1,1,2,3,*
Albania,Uzbekistan,Asylum seekers,,,,,,,1,,,,,,,
Algeria,Afghanistan,Refugees,,,,,,,,,,,,,2,*
Algeria,Afghanistan,Asylum seekers,,,,,,,,,,,,5,,
Algeria,Albania,Returned refugees,,,,,,,,,,1,,,,*
Algeria,Angola,Refugees,,,,,,,,,,3,4,4,4,*
Algeria,Angola,Asylum seekers,,,,,,1,1,1,,,,,,
Algeria,Argentina,Returned refugees,,,,,,1,,,,,,,,
Algeria,Benin,Asylum seekers,,,,,,,2,2,1,,3,5,17,*
Algeria,Bosnia and Herzegovina,Returned refugees,2,,,,,,,,,,,,,
Algeria,Burkina Faso,Asylum seekers,,,,,,,,,,,,1,3,*
Algeria,Burundi,Refugees,1,2,,1,1,1,1,1,,1,1,1,1,*
Algeria,Burundi,Asylum seekers,,-1,,,,,,,,,,,4,5
Algeria,Cameroon,Refugees,5,8,6,5,5,7,9,10,3,6,6,7,6,10
Algeria,Cameroon,Asylum seekers,,-3,2,,1,8,138,315,207,20,92,301,681,59
Algeria,Central African Republic,Refugees,,,,,,,,,1,1,,,1,*
Algeria,Central African Republic,Asylum seekers,,,,,,1,9,24,7,,1,6,4,*
Algeria,Chad,Refugees,20,6,,,,,,,,1,2,2,2,*
Algeria,Chad,Asylum seekers,19,3,,,,12,35,93,64,1,10,28,21,5
Algeria,Congo,Refugees,30,20,,,4,4,4,5,4,6,6,7,7,7
Algeria,Congo,Asylum seekers,29,27,,,,6,19,15,13,3,4,6,4,
Algeria,Côte d'Ivoire,Refugees,,,,1,3,8,23,16,5,17,20,17,23,30
Algeria,Côte d'Ivoire,Asylum seekers,,,,,2,33,329,454,221,13,45,207,282,85
Algeria,Democratic Republic of the Congo,Refugees,202,103,1,1,5,34,90,39,64,73,66,61,39,43
Algeria,Democratic Republic of the Congo,Asylum seekers,159,58,,,,183,286,291,143,16,26,28,66,34
Algeria,Egypt,Returned refugees,,,,,,,,1,,,,,,
Algeria,Eritrea,Refugees,,,,,,,1,,,,,,,*
Algeria,Eritrea,Asylum seekers,,,,,,,,,1,,,,1,
Algeria,Ethiopia,Refugees,,,,,,,,,,1,,,,
Algeria,Ethiopia,Asylum seekers,,,,,,,,,1,,,,1,*
Algeria,Gabon,Asylum seekers,,,,,,,,,,,2,1,2,
Algeria,Guinea,Refugees,35,9,,,,,,,,,2,2,4,*
Algeria,Guinea,Asylum seekers,35,8,,,,,1,10,3,3,18,10,62,*
Algeria,Guinea,Returned refugees,,,,,1,,,,,,,,,
Algeria,Guinea-Bissau,Asylum seekers,,,,,,,2,2,,,1,,1,
Algeria,Iraq,Refugees,5,9,6,6,6,4,4,7,1,3,15,15,15,15
Algeria,Iraq,Asylum seekers,1,-2,2,,,1,5,31,8,6,4,4,6,5
Algeria,Lebanon,Returned refugees,,1,,,,,,,,,,,,
Algeria,Liberia,Refugees,13,7,,,6,24,28,39,5,7,4,4,2,*
Algeria,Liberia,Asylum seekers,,-9,,,1,52,77,230,155,42,21,13,16,*
Algeria,Libya,Refugees,,,,,,,,,,,,6,,
Algeria,Libya,Asylum seekers,,,,,,,,,,,,17,44,25
Algeria,Libyan Arab Jamahiriya,Refugees,6,12,6,6,6,6,6,6,1,6,6,,,
Algeria,Libyan Arab Jamahiriya,Asylum seekers,,-6,1,1,1,3,,,,,,,,
Algeria,Mali,Refugees,100,100,100,,,,,,,,,,,
Algeria,Mali,Asylum seekers,,,,,,,4,5,5,,,1,50,287
Algeria,Mauritania,Refugees,,,,,,,,,,,,,,*
Algeria,Mauritania,Asylum seekers,,,,,,,,,,,,,1,
Algeria,Morocco,Refugees,5,5,,,,,,,,,,,,
Algeria,Morocco,Asylum seekers,5,5,,,,1,7,7,2,,,1,,*
Algeria,Morocco,Returned refugees,,1,,,,,,,,,,,,
Algeria,Niger,Refugees,,,100,,,,,,,,,,,
Algeria,Niger,Asylum seekers,,,,,,,1,66,1,,4,9,22,*
Algeria,Nigeria,Refugees,100,100,,,,,,,,,,,,*
Algeria,Nigeria,Asylum seekers,,,,,,1,7,8,40,41,36,94,118,17
Algeria,Occupied Palestinian Territory,Refugees,4000,4005,4005,4005,4005,4005,4005,4005,4005,4006,4007,4017,,
Algeria,Occupied Palestinian Territory,Asylum seekers,,,,,,2,4,6,5,2,11,20,,
Algeria,Pakistan,Returned refugees,,,,14,,,,,,,,,7,
Algeria,Palestinian,Refugees,,,,,,,,,,,,,4020,4017
Algeria,Palestinian,Asylum seekers,,,,,,,,,,,,,46,177
Algeria,Russian Federation,Refugees,1,2,1,1,,,,,,,,,,
Algeria,Russian Federation,Asylum seekers,,-1,,,,,,,,,,,,
Algeria,Rwanda,Refugees,19,10,,,,,,,,,,,,
Algeria,Rwanda,Asylum seekers,20,-1,,,,,1,6,2,,1,1,2,
Algeria,Rwanda,Returned refugees,1,,,,,,,,,,,,,
Algeria,Senegal,Asylum seekers,,,,,,,,2,3,1,,,1,
Algeria,Sierra Leone,Refugees,30,7,,,,1,1,1,,,,,,
Algeria,Sierra Leone,Asylum seekers,30,7,,,,2,6,10,6,4,2,1,1,
Algeria,Somalia,Refugees,14,8,4,4,4,4,4,4,4,5,3,4,4,*
Algeria,Somalia,Asylum seekers,12,-2,,,,,,,,,1,,,
Algeria,South Africa,Asylum seekers,,,,,,,,,3,,,,,
Algeria,Spain,Refugees,1,1,,,,,,,,,,,,
Algeria,Spain,Asylum seekers,,-1,,,,,,,,,,,,
Algeria,Sudan,Refugees,6,,,,,,,,,,,,,
Algeria,Sudan,Asylum seekers,,-5,,,,,,4,4,,20,51,33,20
Algeria,Syrian Arab Republic,Refugees,4,8,4,3,3,3,3,3,,,,,,
Algeria,Syrian Arab Republic,Asylum seekers,,-4,,1,1,,,1,,,,4,236,1080
Algeria,Togo,Refugees,,,,,,,1,1,,1,2,1,3,*
Algeria,Togo,Asylum seekers,,,,,,,7,11,3,1,,,3,*
Algeria,Tunisia,Asylum seekers,,,,,,,,1,,,2,2,2,*
Algeria,Tunisia,Returned refugees,,,,,,,,,,,3,,,
Algeria,Uganda,Asylum seekers,,,,,,,,2,,,,,,
Algeria,Western Sahara,Refugees,165000,165000,165000,165000,165000,90000,90000,90000,90000,90000,90000,90000,90000,90000
Algeria,Yemen,Refugees,,,,,,,,,,,,,,*
Algeria,Yemen,Asylum seekers,,,,,,,,,,,,,6,*
Algeria,Various,Refugees,59,,,,,,,,,,,,,
Angola,Algeria,Refugees,1,1,1,1,1,1,1,1,1,1,1,1,1,*
Angola,Algeria,Asylum seekers,,,,,,,,,,,,,,*
Angola,Angola,Internally displaced,257508,202000,188728,,,,,,,,,,,
Angola,Angola,Returned IDPs,,,13272,,,,,,,,,,,
Angola,Angola,Others of concern,,,,,,,,,,14479,,,,
Angola,Botswana,Returned refugees,,,,,62,538,,,,2,4,29,68,429
Angola,Brazil,Returned refugees,,,,1,,,1,,,,1,,,
Angola,Burkina Faso,Asylum seekers,,,,,,,,,,1,1,1,1,
Angola,Burundi,Refugees,6,18,18,10,12,10,10,10,10,11,14,18,18,18
Angola,Burundi,Asylum seekers,2,3,4,4,2,2,3,3,3,13,13,9,45,44
Angola,Cameroon,Asylum seekers,1,1,1,1,1,1,1,1,1,1,1,1,1,
Angola,Cameroon,Returned refugees,,,,,,,,1,,,,,,
Angola,Cape Verde,Returned refugees,,,,,,1,,,,,,,,
Angola,Central African Republic,Refugees,,,,6,6,6,1,1,1,5,6,13,13,13
Angola,Central African Republic,Asylum seekers,,,1,,,,,,,1,1,1,1,33
Angola,Central African Republic,Returned refugees,2,,,1,,,46,,,,,,,
Angola,Chad,Refugees,22,28,29,62,62,62,43,43,54,132,148,191,191,195
Angola,Chad,Asylum seekers,9,11,9,10,10,10,10,10,33,77,61,,589,295
Angola,Comoros,Asylum seekers,3,3,3,3,,,,,,,,,,
Angola,Congo,Refugees,40,51,53,35,45,46,46,46,48,43,45,65,65,65
Angola,Congo,Asylum seekers,235,227,228,232,221,220,222,222,222,163,163,138,138,75
Angola,Congo,Returned refugees,1263,2360,6,3350,751,657,519,2307,,,,,190,
Angola,Côte d'Ivoire,Refugees,,,,2,20,52,99,114,150,187,211,407,407,407
Angola,Côte d'Ivoire,Asylum seekers,,,,47,46,24,532,1549,1520,1234,1213,975,4717,4183
Angola,Cuba,Refugees,,2,,,,,2,2,2,2,2,2,2,*
Angola,Democratic Republic of the Congo,Refugees,11821,11933,11930,13015,13510,13464,12615,11380,11900,13364,13648,13648,20740,21104
Angola,Democratic Republic of the Congo,Asylum seekers,595,636,626,619,601,594,584,584,787,1524,1508,1528,1877,2300
Angola,Democratic Republic of the Congo,Returned refugees,7175,10655,32663,76668,34085,20072,24438,7252,12770,2,,1538,15573,
Angola,Djibouti,Asylum seekers,,,,,,,,,,1,1,1,1,
Angola,Eritrea,Refugees,,,,,,1,4,4,4,5,6,6,6,5
Angola,Eritrea,Asylum seekers,,,,,,,42,119,138,43,43,37,977,1270
Angola,Ethiopia,Refugees,,,,1,,,,,,,,,,
Angola,Ethiopia,Asylum seekers,,,,2,2,2,,,,12,6,6,35,77
Angola,Gambia,Asylum seekers,,,,,,,1,1,1,1,1,1,1,*
Angola,Guinea,Refugees,,,,2,2,4,7,10,11,20,36,84,167,164
Angola,Guinea,Asylum seekers,2,2,7,17,16,10,3,3,2,94,78,,4553,4562
Angola,Guinea-Bissau,Refugees,,,,,1,1,1,1,1,2,2,5,5,5
Angola,Guinea-Bissau,Asylum seekers,3,3,2,2,,4,14,14,14,17,17,14,133,167
Angola,Haiti,Refugees,,,,,,,,,,1,1,1,2,*
Angola,Haiti,Asylum seekers,,,,,,,,4,3,1,1,1,2,*
Angola,Iraq,Refugees,1,1,1,1,1,1,1,1,1,2,2,2,2,*
Angola,Iraq,Asylum seekers,,,,,,,,1,1,1,1,1,1,*
Angola,Liberia,Refugees,6,6,6,19,41,51,63,65,69,73,75,160,160,160
Angola,Liberia,Asylum seekers,1,,6,16,,,9,24,11,158,158,73,369,328
Angola,Mali,Returned refugees,,,,,,,4,,,,,,,
Angola,Mauritania,Refugees,1,2,2,4,5,7,10,13,16,64,83,235,235,235
Angola,Mauritania,Asylum seekers,2,,1,1,1,1,18,11,9,109,90,,2490,2257
Angola,Mauritius,Asylum seekers,,,,,,,,,,,,,,*
Angola,Mozambique,Returned refugees,,,,,,,1,,,,,,,
Angola,Namibia,Returned refugees,,1,1084,9439,8809,2719,45,1,2,144,83,28,2808,40
Angola,Nigeria,Asylum seekers,,,,,,,,,,1,1,1,2,*
Angola,Republic of Korea,Asylum seekers,,,,,,,,1,1,1,1,1,1,
Angola,Russian Federation,Returned refugees,,,,,,,2,,,1,,,,
Angola,Rwanda,Refugees,165,177,176,120,148,148,91,238,278,422,444,452,452,458
Angola,Rwanda,Asylum seekers,5,3,,5,,1,,8,33,21,8,,258,290
Angola,Rwanda,Returned refugees,,11,,,,,,,,,,,,
Angola,Saudi Arabia,Asylum seekers,,,,,,,1,1,1,,,,,
Angola,Senegal,Asylum seekers,,,,,,,10,10,10,10,10,10,11,*
Angola,Senegal,Returned refugees,,,3,,,,,,,,,,,
Angola,Sierra Leone,Refugees,9,15,15,57,68,76,68,77,84,216,219,413,413,413
Angola,Sierra Leone,Asylum seekers,21,4,34,33,16,5,92,263,252,462,462,261,1288,1065
Angola,Somalia,Refugees,3,4,4,6,6,10,10,27,33,35,37,215,215,215
Angola,Somalia,Asylum seekers,,,1,2,2,,11,18,38,55,53,,1086,1353
Angola,South Africa,Refugees,,,,,,,,1,2,2,2,2,2,*
Angola,South Africa,Returned refugees,,3,3,9,33,24,17,10,1,1,1,,,35
Angola,Sudan,Refugees,3,4,4,35,35,36,14,31,41,135,159,281,281,281
Angola,Sudan,Asylum seekers,,2,1,4,4,4,27,57,88,236,212,103,1647,1555
Angola,Syrian Arab Republic,Asylum seekers,,,,,,,,,,,,,1,*
Angola,Togo,Asylum seekers,,,,,,,,,,2,2,2,2,*
Angola,Uganda,Refugees,1,1,1,,1,2,,,,1,2,2,2,*
Angola,Uganda,Asylum seekers,,1,,2,1,1,2,2,2,,,,2,*
Angola,Ukraine,Returned refugees,,,,2,2,,,,,,,1,,*
Angola,United Kingdom,Returned refugees,,,,,,,3,1,,,,,,
Angola,United Republic of Tanzania,Refugees,,,3,4,4,4,3,3,3,5,6,6,6,6
Angola,United Republic of Tanzania,Asylum seekers,3,5,3,5,5,5,5,14,14,,,,,
Angola,Western Sahara,Refugees,,,,,,,,,,5,5,13,27,27
Angola,Western Sahara,Asylum seekers,,,,,,,,,,1,1,1,103,172
Angola,Zambia,Refugees,7,7,7,2,2,2,1,1,1,1,1,1,1,*
Angola,Zambia,Asylum seekers,1,1,1,1,1,1,,,,,,,,
Angola,Zambia,Returned refugees,98,90,51283,43507,46499,29758,21941,2440,275,2295,399,2371,1085,1161
Angola,Zimbabwe,Asylum seekers,,,,,,,1,1,1,1,1,1,4,*
Angola,Zimbabwe,Returned refugees,,,,,5,2,,5,4,4,,,,
Angola,Various,Asylum seekers,,,,,,,,,,,133,,,
Angola,Various,Returned refugees,,8,2502,,,,,,,,,,,
Antigua and Barbuda,Syrian Arab Republic,Asylum seekers,,,,,,,,,,,,,,*
Argentina,Afghanistan,Refugees,,,,,,,,,,,,1,1,*
Argentina,Afghanistan,Asylum seekers,1,1,1,1,1,1,1,1,,,1,,1,
Argentina,Albania,Refugees,17,13,10,10,13,17,14,13,24,25,27,28,28,25
Argentina,Albania,Asylum seekers,11,14,14,7,1,2,2,6,,,,,,
Argentina,Algeria,Refugees,48,50,50,55,57,59,58,58,46,45,45,45,45,41
Argentina,Algeria,Asylum seekers,11,11,11,12,12,10,9,9,,,,,,
Argentina,Angola,Refugees,11,11,11,13,13,13,15,15,15,14,14,13,13,13
Argentina,Angola,Asylum seekers,3,5,5,2,2,2,3,2,1,,2,2,,*
Argentina,Armenia,Refugees,15,18,18,31,63,87,84,84,106,111,122,122,126,122
Argentina,Armenia,Asylum seekers,139,123,112,50,25,16,10,10,12,16,5,5,6,10
Argentina,Azerbaijan,Asylum seekers,2,2,2,1,1,1,1,1,,,,,,
Argentina,Bangladesh,Refugees,6,6,6,6,8,9,7,7,13,11,9,9,7,
Argentina,Bangladesh,Asylum seekers,15,23,23,19,19,6,8,15,4,12,15,33,36,9
Argentina,Belarus,Refugees,,,,,1,1,1,1,1,1,1,1,1,*
Argentina,Benin,Refugees,,,,,,,,,,,,,1,*
Argentina,Benin,Asylum seekers,6,6,6,7,7,7,7,1,,,,,,
Argentina,Bolivarian Republic of Venezuela,Refugees,,,,,,,,,1,1,1,1,1,*
Argentina,Bolivarian Republic of Venezuela,Asylum seekers,,,,,1,1,1,3,1,3,4,7,4,*
Argentina,Bosnia and Herzegovina,Refugees,8,8,8,8,8,8,8,8,6,6,6,6,6,6
Argentina,Botswana,Asylum seekers,,,,,,,,,,,1,1,,
Argentina,Brazil,Refugees,,,,,,,,,,,,,,*
Argentina,Brazil,Asylum seekers,,,,,,1,1,2,,,,,1,
Argentina,Brazil,Returned refugees,,,,,4,,,,,,,,,
Argentina,Bulgaria,Refugees,1,1,1,1,1,1,1,1,2,2,2,2,2,*
Argentina,Bulgaria,Asylum seekers,5,5,5,5,5,4,5,5,,,,,,
Argentina,Burkina Faso,Asylum seekers,,,,,,,,,,,1,,,
Argentina,Burundi,Refugees,,,,2,2,2,2,2,3,6,6,5,5,5
Argentina,Burundi,Asylum seekers,,,,,1,1,,3,,,1,2,2,*
Argentina,Cambodia,Refugees,,,24,44,51,51,49,49,,,,,,
Argentina,Cameroon,Refugees,,,,,,1,2,3,4,5,7,8,8,11
Argentina,Cameroon,Asylum seekers,,,,,8,21,18,19,2,,14,27,14,8
Argentina,Cape Verde,Asylum seekers,,,,,,,,,1,1,1,,,
Argentina,Central African Republic,Refugees,,,,,,1,1,1,2,2,2,2,2,*
Argentina,Central African Republic,Asylum seekers,,,,1,4,5,5,5,,,1,,1,
Argentina,Chad,Refugees,,,,,1,1,1,1,1,1,1,2,2,*
Argentina,Chad,Asylum seekers,,,,1,,3,3,3,1,,,,,
Argentina,Chile,Refugees,10,10,10,11,13,13,13,13,153,335,336,336,336,36
Argentina,Chile,Asylum seekers,5,5,5,6,9,11,12,11,1,,1,8,7,6
Argentina,China,Refugees,,,,,,,,,,,,,,*
Argentina,China,Asylum seekers,,,,,1,1,1,1,,,,1,1,
Argentina,Colombia,Refugees,19,22,17,18,34,48,100,152,179,381,403,456,497,526
Argentina,Colombia,Asylum seekers,31,39,49,44,57,123,145,219,68,98,203,486,510,302
Argentina,Congo,Refugees,,,,,,,11,11,10,9,9,9,9,9
Argentina,Congo,Asylum seekers,10,12,,,,,25,25,2,,13,1,1,
Argentina,Costa Rica,Refugees,,,,,,,,,,6,6,6,6,5
Argentina,Costa Rica,Asylum seekers,,,,,,,,,,,1,,,
Argentina,Côte d'Ivoire,Refugees,,,,,,1,2,10,11,22,22,37,37,36
Argentina,Côte d'Ivoire,Asylum seekers,2,2,2,2,2,5,11,7,21,,9,6,,*
Argentina,Croatia,Refugees,,,,,,,,,2,2,2,2,2,*
Argentina,Cuba,Refugees,169,169,185,194,232,260,265,272,324,340,338,340,340,345
Argentina,Cuba,Asylum seekers,97,132,129,106,93,43,45,64,12,13,29,79,97,93
Argentina,Cuba,Returned refugees,,,,,,,,,1,,,,,
Argentina,Czech Republic,Asylum seekers,,,,,,,,,,1,1,,,
Argentina,Democratic Republic of the Congo,Refugees,7,7,8,8,11,14,5,5,7,6,6,8,13,16
Argentina,Democratic Republic of the Congo,Asylum seekers,8,8,19,20,22,20,,,,,,8,6,7
Argentina,Dominican Republic,Refugees,,,,,,,,,1,2,2,2,2,*
Argentina,Dominican Republic,Asylum seekers,7,7,6,6,6,5,7,15,121,161,119,150,201,74
Argentina,Ecuador,Refugees,,,,,,,,,1,12,13,13,15,15
Argentina,Ecuador,Asylum seekers,3,5,4,2,3,1,1,3,3,3,3,3,5,
Argentina,Egypt,Refugees,,,,,,,,,,,,,,5
Argentina,Egypt,Asylum seekers,,,,,,,,,2,,,,6,*
Argentina,El Salvador,Refugees,1,1,,,,,,,,,6,10,10,13
Argentina,El Salvador,Asylum seekers,,,,,,,,,,,4,12,14,6
Argentina,Equatorial Guinea,Asylum seekers,,,,,,,,,,,,1,,
Argentina,Eritrea,Refugees,,,,,,,,,2,2,2,2,2,*
Argentina,Eritrea,Asylum seekers,,,,,,,,6,,,,,,
Argentina,Estonia,Refugees,,,,2,2,2,2,2,,,,,,
Argentina,Estonia,Asylum seekers,4,4,4,6,4,4,4,4,,,,,,
Argentina,Ethiopia,Refugees,1,1,4,4,4,4,4,5,6,5,5,4,4,*
Argentina,Ethiopia,Asylum seekers,,,,2,,,,,,,,,,
Argentina,Federal Republic of Yugoslavia,Refugees,,1,2,,,,,,,,,,,
Argentina,Federal Republic of Yugoslavia,Asylum seekers,1,1,,,,,,,,,,,,
Argentina,Gambia,Refugees,,,,,,,,,,1,1,1,2,*
Argentina,Gambia,Asylum seekers,,,,,,,,1,1,,,1,1,*
Argentina,Georgia,Refugees,1,,3,5,5,5,5,5,3,5,5,5,5,5
Argentina,Georgia,Asylum seekers,3,,2,2,,1,1,1,,5,1,,,
Argentina,Germany,Asylum seekers,,,,,,,,,,,,,,*
Argentina,Ghana,Refugees,2,1,1,5,5,7,11,11,20,26,27,38,46,62
Argentina,Ghana,Asylum seekers,6,8,7,6,5,11,5,7,12,,12,16,18,10
Argentina,Guatemala,Refugees,,,,,,,,,,1,1,1,1,*
Argentina,Guatemala,Asylum seekers,,,,2,2,1,1,1,,,,,1,*
Argentina,Guinea,Refugees,4,7,7,14,16,18,23,24,1,6,6,7,9,10
Argentina,Guinea,Asylum seekers,5,4,7,6,8,7,4,9,,,,7,3,8
Argentina,Guinea-Bissau,Refugees,,,,,,,,,24,18,18,18,19,19
Argentina,Guinea-Bissau,Asylum seekers,,,,,,1,1,1,5,4,2,1,3,*
Argentina,Guyana,Asylum seekers,,,,,,,,,,,1,1,1,*
Argentina,Haiti,Refugees,6,5,5,5,14,21,23,32,41,43,47,57,58,62
Argentina,Haiti,Asylum seekers,15,32,30,36,35,16,24,51,,24,36,29,22,47
Argentina,Haiti,Returned refugees,1,,,,,,,,,,,,,
Argentina,Honduras,Refugees,,,,,,,,,,,,,,*
Argentina,Honduras,Asylum seekers,,,,,,,,,,2,3,10,10,7
Argentina,Hungary,Refugees,1,1,,,,,,,,,,,,
Argentina,Hungary,Asylum seekers,,,,,,2,2,2,,,9,13,14,11
Argentina,India,Refugees,13,16,16,20,25,28,28,27,34,37,36,34,33,32
Argentina,India,Asylum seekers,18,21,20,13,7,1,3,28,9,15,34,49,61,37
Argentina,Iraq,Refugees,13,18,19,22,24,24,25,26,25,29,27,26,25,25
Argentina,Iraq,Asylum seekers,5,,2,2,,3,2,2,1,,,4,2,*
Argentina,Islamic Republic of Iran,Refugees,27,27,28,29,28,28,28,28,20,22,22,22,22,18
Argentina,Islamic Republic of Iran,Asylum seekers,7,7,9,9,13,13,13,13,,,,,,
Argentina,Italy,Refugees,,,,,,,,2,1,1,1,1,1,*
Argentina,Italy,Asylum seekers,,,,,,,,1,,,,,,
Argentina,Jamaica,Asylum seekers,,,,,,,,,,,,,1,
Argentina,Japan,Asylum seekers,,,,,,,,,,,,,1,*
Argentina,Jordan,Asylum seekers,,,,,,,,,,,,,1,
Argentina,Kazakhstan,Refugees,81,79,79,80,88,96,96,99,23,22,22,22,22,22
Argentina,Kazakhstan,Asylum seekers,1,3,3,6,11,3,3,3,2,,3,,3,
Argentina,Kenya,Refugees,,,,,,,,,1,1,1,1,1,*
Argentina,Kenya,Asylum seekers,,,,,,1,2,1,,,,1,,
Argentina,Kyrgyzstan,Refugees,,,3,3,3,3,3,3,3,3,3,3,3,*
Argentina,Kyrgyzstan,Asylum seekers,3,3,3,3,3,5,5,3,,,,,,
Argentina,Lao People's Democratic Republic,Refugees,1321,1321,1321,1328,1329,1333,1333,1333,1,,,,,
Argentina,Latvia,Refugees,2,2,2,2,2,2,2,2,,,,,,
Argentina,Latvia,Asylum seekers,,,,,1,1,1,1,,,,,,
Argentina,Lebanon,Refugees,3,3,3,4,4,4,4,4,,,,,,
Argentina,Lebanon,Asylum seekers,,,,,,,,,,,,2,2,
Argentina,Liberia,Refugees,49,49,50,55,63,70,74,75,64,67,68,65,69,69
Argentina,Liberia,Asylum seekers,20,22,22,26,24,29,24,27,1,3,15,16,3,
Argentina,Libya,Asylum seekers,,,,,,,,,,,,2,3,*
Argentina,Lithuania,Refugees,2,2,2,2,2,2,2,2,,,,,,
Argentina,Lithuania,Asylum seekers,,,,,,,,,,,,1,,
Argentina,Mali,Refugees,10,10,10,21,22,19,19,19,16,14,14,14,16,19
Argentina,Mali,Asylum seekers,,,3,2,4,5,6,5,,,,,6,*
Argentina,Mauritania,Refugees,1,1,1,1,1,1,1,1,1,1,2,2,2,*
Argentina,Mauritania,Asylum seekers,,,,,1,1,1,1,2,2,,,,
Argentina,Mexico,Refugees,,,,,,,,,1,1,1,1,1,*
Argentina,Mexico,Asylum seekers,,,,,,,,,1,,1,4,5,*
Argentina,Morocco,Refugees,,,,,,,,,2,2,2,2,2,*
Argentina,Morocco,Asylum seekers,1,1,1,1,1,,,,,,1,2,1,5
Argentina,Myanmar,Asylum seekers,,,,,,,,,,,1,,1,
Argentina,Namibia,Asylum seekers,,,,,,,,,,,1,,,
Argentina,Nepal,Asylum seekers,,,,,,,,,,,,4,2,
Argentina,New Zealand,Refugees,,,,,,,,,1,,,,,
Argentina,Nicaragua,Refugees,,8,8,8,6,6,6,6,2,2,2,2,2,*
Argentina,Nicaragua,Asylum seekers,8,,,,,,,,1,1,,,,
Argentina,Niger,Refugees,1,1,1,1,1,1,1,1,,,,,,
Argentina,Nigeria,Refugees,22,21,22,26,31,31,35,40,45,50,51,50,52,50
Argentina,Nigeria,Asylum seekers,20,30,30,29,32,30,35,40,13,12,28,75,43,20
Argentina,Occupied Palestinian Territory,Asylum seekers,,,,,,1,1,1,,,,,,
Argentina,Pakistan,Refugees,31,30,35,40,42,37,37,36,38,41,41,42,41,43
Argentina,Pakistan,Asylum seekers,12,15,11,8,7,6,8,15,3,,,5,7,5
Argentina,Paraguay,Refugees,,,1,1,1,1,1,1,2,3,3,3,3,*
Argentina,Paraguay,Asylum seekers,3,3,2,2,2,2,3,6,,5,8,10,13,14
Argentina,Peru,Refugees,324,307,324,365,418,457,470,485,618,588,585,582,582,582
Argentina,Peru,Asylum seekers,636,687,699,541,388,241,216,201,3,7,2,29,31,28
Argentina,Plurinational State of Bolivia,Refugees,,,1,1,1,2,2,2,3,3,3,3,3,*
Argentina,Plurinational State of Bolivia,Asylum seekers,2,4,5,3,3,3,6,5,1,1,,3,1,
Argentina,Poland,Refugees,2,2,,,,,,,,,,,,
Argentina,Poland,Asylum seekers,,,,,,,1,1,,,,,,
Argentina,Republic of Moldova,Asylum seekers,,,,,,,1,1,,,,,,
Argentina,Romania,Refugees,,,1,1,1,1,1,1,52,54,54,53,53,54
Argentina,Romania,Asylum seekers,5,66,41,13,13,3,3,3,,,,,1,
Argentina,Russian Federation,Refugees,12,16,16,20,34,42,39,40,51,58,60,59,60,61
Argentina,Russian Federation,Asylum seekers,42,47,47,35,25,31,25,24,1,2,,5,13,20
Argentina,Rwanda,Refugees,,,,,,,,,1,1,1,1,1,*
Argentina,Rwanda,Asylum seekers,3,3,3,5,5,5,5,5,,,,,,
Argentina,Senegal,Refugees,32,31,31,42,65,66,66,64,71,59,65,67,67,66
Argentina,Senegal,Asylum seekers,38,58,77,70,48,61,94,124,,,,36,671,118
Argentina,Serbia (and Kosovo: S/RES/1244 (1999)),Refugees,,,,,,,9,9,20,18,18,17,17,17
Argentina,Serbia (and Kosovo: S/RES/1244 (1999)),Asylum seekers,,,,,,,1,6,,1,1,,,
Argentina,Serbia and Montenegro,Refugees,,,,9,9,9,,,,,,,,
Argentina,Sierra Leone,Refugees,8,10,19,47,71,73,75,75,71,63,59,56,53,41
Argentina,Sierra Leone,Asylum seekers,32,75,71,55,31,16,15,18,7,7,1,5,3,*
Argentina,Singapore,Asylum seekers,,,,,,,,,,,,,1,*
Argentina,Slovakia,Asylum seekers,,,,,,,,,,,,,,*
Argentina,Somalia,Refugees,5,1,,,,,,,5,5,5,5,5,5
Argentina,Somalia,Asylum seekers,7,3,3,3,3,3,3,3,,1,2,2,2,
Argentina,South Africa,Refugees,,,2,2,2,2,2,3,3,3,3,3,3,*
Argentina,South Africa,Asylum seekers,1,,1,1,2,2,2,1,1,1,1,3,3,*
Argentina,Spain,Asylum seekers,,,,,2,2,2,3,,3,5,6,6,5
Argentina,Sri Lanka,Refugees,33,33,33,34,37,37,37,37,38,37,34,34,34,34
Argentina,Sri Lanka,Asylum seekers,,8,9,5,2,1,1,3,1,4,1,1,1,
Argentina,Stateless,Refugees,,,,,,1,1,1,1,1,3,3,7,10
Argentina,Stateless,Asylum seekers,,,,,,1,,,,2,3,7,7,
Argentina,Sudan,Refugees,1,1,1,1,1,1,2,3,3,4,3,3,3,*
Argentina,Sudan,Asylum seekers,,,,,,2,3,4,,,2,,1,*
Argentina,Suriname,Refugees,,3,,,,,,,,,,,,
Argentina,Suriname,Asylum seekers,,1,1,1,1,1,1,2,,,,,,
Argentina,Syrian Arab Republic,Refugees,,,,,,,,,,,,,40,159
Argentina,Syrian Arab Republic,Asylum seekers,,,,,,,,,,,,,9,12
Argentina,Togo,Refugees,,,,,,,,1,1,1,2,2,2,*
Argentina,Togo,Asylum seekers,,,,,,2,2,1,,,1,1,1,*
Argentina,Tunisia,Refugees,,,,,,,,,2,2,2,2,2,*
Argentina,Tunisia,Asylum seekers,3,2,2,2,2,3,3,5,,,,,1,*
Argentina,Turkey,Refugees,9,9,5,5,5,6,6,6,12,10,10,10,11,12
Argentina,Turkey,Asylum seekers,1,1,2,1,1,,,,1,2,2,2,2,*
Argentina,Turkmenistan,Refugees,,,,,,,,,2,2,2,2,2,*
Argentina,Ukraine,Refugees,,,2,3,10,11,11,11,24,19,19,18,18,24
Argentina,Ukraine,Asylum seekers,13,25,23,17,18,11,11,15,,2,1,7,13,7
Argentina,United Kingdom,Asylum seekers,,,,,,,,,,,,,2,
Argentina,United Republic of Tanzania,Asylum seekers,,,,,,,,,2,3,2,2,3,*
Argentina,United States,Refugees,,,,,,,,,3,3,3,3,3,*
Argentina,United States,Asylum seekers,,,,,,,,,,1,1,,1,*
Argentina,Uruguay,Refugees,,,,,1,1,1,1,,,,,,
Argentina,Uruguay,Asylum seekers,,,,,1,1,1,1,,,2,1,1,
Argentina,Uzbekistan,Asylum seekers,1,1,1,1,1,2,1,1,,,,,,
Argentina,Viet Nam,Refugees,33,33,33,33,33,33,32,32,1,,,,,
Argentina,Yemen,Refugees,,,,,,,,,,,,,15,15
Argentina,Yemen,Asylum seekers,,,,,,,,,,,,20,5,
Argentina,Zambia,Asylum seekers,,,,,,,,,,,1,,,
Argentina,Zimbabwe,Refugees,,,,,2,2,2,2,2,2,2,2,3,*
Argentina,Zimbabwe,Asylum seekers,,,,,,,,,,,2,2,1,
Argentina,Various,Refugees,34,30,,,,,,,572,549,549,549,548,550
Argentina,Various,Asylum seekers,2,8,8,5,4,,,,410,332,332,,,*
Armenia,Afghanistan,Asylum seekers,,,,,,1,,,,,,,,
Armenia,Armenia,Others of concern,,,,,,,,,,82231,82519,82938,,
Armenia,Azerbaijan,Refugees,280586,264327,247538,239250,235101,219324,113224,3815,3082,2681,2347,1928,1716,1607
Armenia,Azerbaijan,Asylum seekers,,,,,,,,,,,,1,,
Armenia,Cameroon,Asylum seekers,,,,,,,,,,,,,1,*
Armenia,China,Asylum seekers,,,,,,,,,,,2,1,,
Armenia,Congo,Asylum seekers,,,,,,,,,,,,,3,*
Armenia,Côte d'Ivoire,Refugees,,,,,,,,,,,1,8,6,6
Armenia,Côte d'Ivoire,Asylum seekers,,,,,,,,,,1,3,,4,*
Armenia,Cuba,Refugees,,,,,,,,,,,1,1,,
Armenia,Cuba,Asylum seekers,,,,,,,,,1,1,,,,
Armenia,Ethiopia,Refugees,,,,,,,,,,1,1,,1,*
Armenia,Federal Republic of Yugoslavia,Returned refugees,,1,,,,,,,,,,,,
Armenia,Georgia,Refugees,,,,,1,1,1,1,1,8,11,11,8,8
Armenia,Georgia,Asylum seekers,,,,,,,,,123,9,1,,,
Armenia,Ghana,Asylum seekers,,,,,,,,,,,,,,*
Armenia,Guinea,Asylum seekers,,,,,,,,,,,,1,3,*
Armenia,Iraq,Refugees,2,4,6,34,127,218,459,718,837,870,888,923,943,967
Armenia,Iraq,Asylum seekers,,1,2,25,64,64,75,92,34,22,,1,16,5
Armenia,Islamic Republic of Iran,Refugees,,3,3,3,3,4,6,7,9,22,22,18,21,27
Armenia,Islamic Republic of Iran,Asylum seekers,,,1,2,2,2,,3,8,5,7,12,11,13
Armenia,Israel,Refugees,,,,,,,5,5,5,5,5,,,
Armenia,Kazakhstan,Refugees,,,,,,,1,1,1,1,1,1,1,*
Armenia,Kazakhstan,Asylum seekers,,,,,,1,,,,,,,,
Armenia,Lebanon,Refugees,,,,,,,14,14,14,14,14,14,14,17
Armenia,Lebanon,Asylum seekers,,,,,1,,1,1,,,,1,4,*
Armenia,Mali,Asylum seekers,,,,,,,,,,,,1,1,*
Armenia,Nigeria,Asylum seekers,,,,,,,,,,,1,,,
Armenia,Occupied Palestinian Territory,Refugees,,,,,,,,,,,,5,,
Armenia,Occupied Palestinian Territory,Asylum seekers,,,,,1,,,,,,,,,
Armenia,Palestinian,Refugees,,,,,,,,,,,,,5,5
Armenia,Palestinian,Asylum seekers,,,,,,,,,,,,,,*
Armenia,Poland,Asylum seekers,,,,1,,,,,,,,,,
Armenia,Republic of Moldova,Returned refugees,,,,,,,,,,,,,1,
Armenia,Russian Federation,Refugees,,,,,2,1,1,1,1,1,1,1,1,*
Armenia,Russian Federation,Asylum seekers,,,,2,,,,,1,,,,,
Armenia,Somalia,Refugees,2,2,2,,,,,,,,,,,
Armenia,Sri Lanka,Asylum seekers,,,,,,,,,1,,,,,
Armenia,Stateless,Stateless,,,,,,,,,,,6,11,35,180
Armenia,Sudan,Refugees,1,1,1,1,,,,,,,,,,
Armenia,Syrian Arab Republic,Refugees,,,,,,,,,,,,6,136,11090
Armenia,Syrian Arab Republic,Asylum seekers,,,,3,,,2,2,,,,2,340,42
Armenia,Syrian Arab Republic,Others of concern,,,,,,,,,,,,,5500,
Armenia,Turkey,Refugees,,,,1,1,2,3,3,3,4,4,2,2,*
Armenia,Turkey,Asylum seekers,,,,1,,1,,,3,1,9,5,,*
Armenia,Turkmenistan,Refugees,,,,,,,,1,,,,,,
Armenia,Ukraine,Asylum seekers,,,,2,,1,,,,,,,,
Armenia,Ukraine,Returned refugees,,,,,,,,,1,,,,,
Aruba,Colombia,Refugees,,,,,,,,,,,,,,*
Aruba,Colombia,Asylum seekers,,,,,,,,,,,1,3,5,*
Aruba,Cuba,Asylum seekers,,,,,,,,,,,,1,1,*
Aruba,Stateless,Stateless,,,,,,,,,,,,,,*
Australia,Afghanistan,Refugees,4358,6262,6943,7240,8037,8082,7908,4990,4933,5664,5518,4826,7192,8368
Australia,Afghanistan,Asylum seekers,376,452,128,379,289,30,16,14,28,55,67,124,1074,939
Australia,Albania,Refugees,63,67,62,40,22,13,16,64,49,49,46,51,58,66
Australia,Albania,Asylum seekers,56,62,52,40,12,7,11,6,5,9,18,23,21,21
Australia,Algeria,Refugees,331,335,256,137,67,24,16,194,84,32,20,14,11,10
Australia,Algeria,Asylum seekers,28,22,12,9,,3,1,4,2,3,,3,3,9
Australia,Angola,Refugees,11,11,10,8,3,1,2,11,10,5,3,3,2,*
Australia,Angola,Asylum seekers,7,8,5,,,,1,,1,1,,,,
Australia,Argentina,Refugees,,,,,,,,,,1,1,1,1,*
Australia,Argentina,Asylum seekers,5,20,21,6,,1,2,,,,2,,,
Australia,Armenia,Refugees,5,3,5,4,4,5,6,8,7,7,7,7,4,*
Australia,Armenia,Asylum seekers,12,11,7,3,,1,1,1,,,1,2,2,*
Australia,Australia,Refugees,1,1,1,2,,,,1,1,2,,,3,
Australia,Australia,Asylum seekers,1,4,1,,,1,,,,1,,,,*
Australia,Austria,Refugees,14,13,5,4,,2,2,,,,,,,
Australia,Austria,Asylum seekers,1,,,,,2,,1,,,,1,1,
Australia,Azerbaijan,Refugees,1,1,1,2,2,2,2,4,4,4,3,3,3,*
Australia,Azerbaijan,Asylum seekers,3,8,6,1,,2,,,,,,,1,*
Australia,Bahrain,Refugees,5,6,5,5,4,3,10,18,20,22,22,62,74,82
Australia,Bahrain,Asylum seekers,3,2,1,3,,8,3,4,1,2,9,8,14,8
Australia,Bangladesh,Refugees,114,106,111,50,68,86,118,237,208,235,252,286,334,343
Australia,Bangladesh,Asylum seekers,365,488,350,89,74,58,47,43,61,41,70,109,161,430
Australia,Belarus,Refugees,5,13,12,15,13,14,7,17,17,15,16,8,6,*
Australia,Belarus,Asylum seekers,26,20,9,5,,2,,,,,,,,*
Australia,Belgium,Refugees,2,2,2,2,,,,2,2,,,,,
Australia,Belgium,Asylum seekers,,,1,,,1,,,,,,,1,*
Australia,Benin,Refugees,,,,,,,,,,1,1,1,1,*
Australia,Benin,Asylum seekers,,,,,,,,2,1,,,1,1,
Australia,Bhutan,Refugees,2,4,4,4,3,3,1,4,4,3,2,2,2,*
Australia,Bhutan,Asylum seekers,,,,,,,,,,,,,,*
Australia,Bolivarian Republic of Venezuela,Refugees,,,,,,,,,,7,7,9,9,9
Australia,Bolivarian Republic of Venezuela,Asylum seekers,,1,4,3,,,,,,,1,,,*
Australia,Bosnia and Herzegovina,Refugees,6269,4882,3873,1942,1367,580,202,28,15,10,6,1,1,*
Australia,Bosnia and Herzegovina,Asylum seekers,6,8,6,2,,1,1,,,,,1,1,
Australia,Botswana,Refugees,,,,,,,,,,,,,,*
Australia,Botswana,Asylum seekers,,4,1,1,,,,,,,,,1,*
Australia,Brazil,Refugees,15,13,11,9,8,7,6,15,10,9,8,7,6,*
Australia,Brazil,Asylum seekers,16,27,35,16,1,4,2,,1,,5,8,9,9
Australia,Brunei Darussalam,Asylum seekers,,,,,,,,,,,1,,,
Australia,Bulgaria,Refugees,24,25,19,7,4,3,1,5,5,5,3,1,1,*
Australia,Bulgaria,Asylum seekers,49,20,11,10,,2,1,,,,1,,,
Australia,Burundi,Refugees,8,17,24,81,369,759,1478,19,24,30,31,27,28,26
Australia,Burundi,Asylum seekers,6,1,8,1,,1,,1,6,,1,4,2,9
Australia,Cambodia,Refugees,615,156,48,27,20,23,15,26,15,16,16,22,23,23
Australia,Cambodia,Asylum seekers,37,18,15,8,,4,8,1,6,1,4,20,21,24
Australia,Cameroon,Refugees,2,3,5,5,3,4,18,23,35,46,51,52,52,52
Australia,Cameroon,Asylum seekers,3,6,4,1,,1,1,3,5,7,6,8,5,5
Australia,Canada,Refugees,2,3,3,3,3,1,,3,3,3,1,,,
Australia,Canada,Asylum seekers,,2,,1,,1,,,1,,,1,2,*
Australia,Central African Republic,Refugees,,,,,,,,,,,1,,,
Australia,Chad,Refugees,2,2,1,,,1,7,1,1,2,2,2,2,*
Australia,Chad,Asylum seekers,,,,1,,,,,,,1,,2,*
Australia,Chile,Refugees,7,3,2,2,1,1,1,3,3,2,1,1,1,*
Australia,Chile,Asylum seekers,27,38,17,4,,,1,2,,,,,,
Australia,China,Refugees,475,323,294,281,345,537,793,1153,1467,1862,2201,2494,2678,2820
Australia,China,Asylum seekers,1004,1021,1086,553,1009,463,404,541,631,539,534,797,997,1401
Australia,Colombia,Refugees,185,235,251,212,165,134,94,265,219,191,148,133,118,124
Australia,Colombia,Asylum seekers,193,132,48,16,,14,10,6,10,20,22,38,38,37
Australia,Comoros,Asylum seekers,,1,,,,,,,,,,,,
Australia,Congo,Refugees,7,22,31,149,464,561,649,17,17,22,19,19,16,16
Australia,Congo,Asylum seekers,,4,1,2,,3,,,1,,,1,,*
Australia,Cook Islands,Asylum seekers,,,,,,,,,,,1,,,
Australia,Costa Rica,Asylum seekers,,,,,,,,,,,,,,*
Australia,Côte d'Ivoire,Refugees,,1,1,1,78,159,169,3,5,7,7,6,6,6
Australia,Côte d'Ivoire,Asylum seekers,,,,,,,,,1,,,,1,*
Australia,Croatia,Refugees,4902,5158,4850,3394,2689,1316,521,12,12,4,4,4,3,*
Australia,Croatia,Asylum seekers,14,19,7,1,,1,7,1,,,,,,
Australia,Cuba,Refugees,,,6,7,7,8,8,5,5,6,6,6,4,*
Australia,Cuba,Asylum seekers,5,4,2,2,,,1,,2,,,1,1,
Australia,Cyprus,Refugees,1,,,,,,,,,,,,,
Australia,Cyprus,Asylum seekers,3,9,15,2,,,,,,,,,,
Australia,Czech Republic,Refugees,8,8,3,5,5,4,4,2,1,1,1,2,1,*
Australia,Czech Republic,Asylum seekers,3,4,1,2,,,,,,,3,1,,
Australia,Democratic People's Republic of Korea,Refugees,3,4,4,3,3,6,8,15,14,15,25,29,29,30
Australia,Democratic People's Republic of Korea,Asylum seekers,4,,1,1,,1,2,2,19,8,33,6,8,*
Australia,Democratic Republic of the Congo,Refugees,14,18,15,34,44,185,714,19,22,25,27,25,30,28
Australia,Democratic Republic of the Congo,Asylum seekers,1,14,10,2,,2,,1,6,3,4,11,10,9
Australia,Denmark,Refugees,,,,,,2,2,2,2,2,2,2,2,*
Australia,Denmark,Asylum seekers,,,2,2,,,,,,,,,,
Australia,Djibouti,Refugees,6,7,7,12,7,6,5,,,,1,,2,*
Australia,Djibouti,Asylum seekers,,,,,,,,,,,,2,1,*
Australia,Dominican Republic,Asylum seekers,,1,,,,,,,,,1,,,
Australia,Ecuador,Refugees,260,262,261,15,9,10,7,258,7,4,4,5,5,*
Australia,Ecuador,Asylum seekers,13,19,14,5,,1,,,,,1,1,,
Australia,Egypt,Refugees,212,255,276,248,735,994,975,235,228,293,350,573,810,1132
Australia,Egypt,Asylum seekers,102,84,65,59,16,39,20,20,44,76,256,359,398,706
Australia,El Salvador,Refugees,222,110,57,19,9,3,3,6,6,6,5,5,5,5
Australia,El Salvador,Asylum seekers,5,5,4,3,,1,,,2,,2,4,1,*
Australia,Eritrea,Refugees,663,708,667,643,590,577,653,39,51,58,67,94,96,91
Australia,Eritrea,Asylum seekers,8,12,14,3,,9,1,9,3,8,21,4,16,31
Australia,Estonia,Refugees,5,4,1,,,,,1,,,,,,
Australia,Estonia,Asylum seekers,3,4,1,1,,,,,,,,1,3,*
Australia,Ethiopia,Refugees,874,989,1271,1627,1921,1931,1923,126,143,169,168,178,189,191
Australia,Ethiopia,Asylum seekers,29,24,22,18,,11,12,19,31,13,19,31,54,104
Australia,Federal Republic of Yugoslavia,Refugees,12046,10225,9827,,,,,,,,,,,
Australia,Federal Republic of Yugoslavia,Asylum seekers,126,64,23,,,,,,,,,,,
Australia,Fiji,Refugees,18,18,20,8,12,15,17,61,59,81,144,213,279,324
Australia,Fiji,Asylum seekers,331,407,207,62,11,19,20,17,36,161,197,196,233,403
Australia,Finland,Asylum seekers,1,1,,,,,,,,,,,,
Australia,France,Refugees,12,9,4,4,3,,3,4,4,4,4,4,4,*
Australia,France,Asylum seekers,3,4,4,,,2,,,1,5,,,,*
Australia,French Polynesia,Refugees,,,,,,1,1,,,,,,,
Australia,Gambia,Refugees,,,,,,,,1,2,3,3,3,3,*
Australia,Gambia,Asylum seekers,,2,,,,,,,3,,,,,
Australia,Georgia,Refugees,8,14,16,16,11,9,3,14,14,10,9,6,6,9
Australia,Georgia,Asylum seekers,28,17,3,1,,1,2,2,,2,2,9,7,23
Australia,Germany,Refugees,25,28,17,12,11,9,3,,,,1,,2,*
Australia,Germany,Asylum seekers,2,4,,,,4,,,8,,,1,,*
Australia,Ghana,Refugees,11,9,8,4,31,68,77,15,19,23,28,28,28,34
Australia,Ghana,Asylum seekers,32,47,33,14,2,7,6,11,13,15,16,13,23,25
Australia,Greece,Refugees,,1,2,2,2,4,3,4,4,4,4,3,2,*
Australia,Greece,Asylum seekers,2,5,,4,,6,,,,,,1,1,*
Australia,Guatemala,Refugees,4,,,,,,,,,,,,,
Australia,Guatemala,Asylum seekers,,,,,,1,,,,,,,1,*
Australia,Guinea,Refugees,1,3,5,7,91,247,253,7,8,10,10,9,8,6
Australia,Guinea,Asylum seekers,3,2,3,,,3,,1,2,2,,2,1,7
Australia,Guinea-Bissau,Refugees,,1,1,1,1,1,,1,1,1,1,,,
Australia,Guyana,Refugees,,,1,1,1,1,1,1,1,1,1,1,,
Australia,Guyana,Asylum seekers,1,1,,1,,,,,,,,,,
Australia,Haiti,Refugees,,,6,6,6,6,6,,,,,,,
Australia,"Hong Kong SAR, China",Asylum seekers,8,3,7,5,3,3,2,1,,2,,2,8,13
Australia,Hungary,Refugees,1,,,,,,,,,,,,,
Australia,Hungary,Asylum seekers,7,4,9,4,,1,,,,3,,,,
Australia,India,Refugees,117,92,89,64,45,53,59,139,123,120,139,162,196,265
Australia,India,Asylum seekers,874,910,536,342,54,121,94,67,200,108,228,443,769,839
Australia,Indonesia,Refugees,147,78,69,713,1255,1302,1353,201,188,221,231,232,233,233
Australia,Indonesia,Asylum seekers,2646,2466,1136,99,15,136,55,53,81,63,91,75,90,150
Australia,Iraq,Refugees,10521,10504,11899,12157,11471,10859,11147,5851,5945,5663,3791,3085,2821,2963
Australia,Iraq,Asylum seekers,358,885,159,83,418,57,87,69,87,94,196,245,575,584
Australia,Ireland,Asylum seekers,3,2,,,,1,,,,,1,,3,9
Australia,Islamic Republic of Iran,Refugees,2617,2582,2626,2593,2766,2560,2346,1105,1151,1249,1327,2286,3949,4596
Australia,Islamic Republic of Iran,Asylum seekers,369,235,100,60,110,36,30,35,74,152,318,230,684,1154
Australia,Israel,Refugees,10,10,10,5,10,13,20,31,29,31,31,31,36,36
Australia,Israel,Asylum seekers,12,17,40,31,2,10,10,1,8,5,7,3,6,6
Australia,Italy,Refugees,,,,,,,1,1,2,2,2,2,2,*
Australia,Italy,Asylum seekers,12,9,3,5,,1,,,1,1,2,2,5,*
Australia,Jamaica,Asylum seekers,,,,,,,,,1,,1,1,1,*
Australia,Japan,Refugees,2,2,1,1,,,,,,,1,3,3,5
Australia,Japan,Asylum seekers,1,5,,,,2,,2,2,,4,6,2,7
Australia,Jordan,Refugees,66,71,67,28,42,59,63,66,49,68,69,66,77,90
Australia,Jordan,Asylum seekers,47,31,20,16,4,5,2,5,13,12,23,37,64,97
Australia,Kazakhstan,Refugees,29,27,14,13,6,4,4,14,11,6,4,8,7,*
Australia,Kazakhstan,Asylum seekers,6,9,10,6,,,,,,,4,,,
Australia,Kenya,Refugees,75,74,76,23,589,881,893,74,23,33,38,43,55,58
Australia,Kenya,Asylum seekers,11,32,17,19,7,4,3,1,19,8,12,25,40,49
Australia,Kiribati,Asylum seekers,,,,,,,,,,,,,,*
Australia,Kuwait,Refugees,432,430,410,328,112,113,141,60,41,26,22,34,39,41
Australia,Kuwait,Asylum seekers,8,3,4,2,,,,,,3,4,2,7,*
Australia,Kyrgyzstan,Refugees,2,1,13,16,16,15,17,21,22,22,21,22,11,8
Australia,Kyrgyzstan,Asylum seekers,15,22,9,3,,2,4,,,,2,2,2,
Australia,Lao People's Democratic Republic,Refugees,5,5,5,2,49,56,63,4,4,4,4,4,3,*
Australia,Lao People's Democratic Republic,Asylum seekers,9,14,12,6,,2,1,,,1,1,,,*
Australia,Latvia,Refugees,1,1,1,,,,5,7,6,6,6,6,6,6
Australia,Latvia,Asylum seekers,21,25,12,8,,2,1,1,1,1,1,,2,*
Australia,Lebanon,Refugees,415,431,507,262,306,346,307,433,170,183,209,271,315,346
Australia,Lebanon,Asylum seekers,164,246,175,49,19,33,42,29,40,56,134,131,310,359
Australia,Liberia,Refugees,8,108,269,381,1037,1698,2307,10,10,14,18,18,16,23
Australia,Liberia,Asylum seekers,3,2,,,,2,2,1,5,2,,3,12,10
Australia,Libya,Refugees,,,,,,,,,,,,28,127,309
Australia,Libya,Asylum seekers,,,,,,,,,,,,164,200,313
Australia,Libyan Arab Jamahiriya,Refugees,2,4,4,3,3,2,1,3,3,10,9,,,
Australia,Libyan Arab Jamahiriya,Asylum seekers,1,3,6,6,,2,,,,,12,,,
Australia,Lithuania,Refugees,2,1,,,,,,,,,,,,
Australia,Lithuania,Asylum seekers,13,19,28,12,,,2,,,,2,1,1,*
Australia,"Macao SAR, China",Asylum seekers,,,,,,,,,,,,1,1,
Australia,Malawi,Refugees,,,,,27,37,37,,,,1,,,
Australia,Malawi,Asylum seekers,1,,,1,,,,1,,,,,1,*
Australia,Malaysia,Refugees,6,4,7,8,5,10,14,22,32,38,43,49,69,86
Australia,Malaysia,Asylum seekers,104,109,78,57,20,58,33,56,56,74,86,74,103,169
Australia,Maldives,Refugees,1,1,1,1,,,,1,1,,,3,4,*
Australia,Maldives,Asylum seekers,1,,,,,,,,,,,,1,5
Australia,Mali,Refugees,,1,1,1,1,1,1,3,3,3,3,2,2,*
Australia,Mali,Asylum seekers,2,1,,,,,,,,,,1,6,*
Australia,Malta,Refugees,,,,,,1,1,1,1,1,1,1,1,*
Australia,Mauritania,Refugees,1,1,4,5,4,6,6,5,5,4,4,4,1,
Australia,Mauritania,Asylum seekers,1,5,1,,,,,,,,,,,
Australia,Mauritius,Refugees,2,2,2,2,2,,,,,,,,1,*
Australia,Mauritius,Asylum seekers,6,4,1,,,,,,,1,9,27,16,16
Australia,Mexico,Refugees,7,7,5,5,1,,,5,5,1,,,2,*
Australia,Mexico,Asylum seekers,1,,1,,,,,,,,,1,1,*
Australia,Mongolia,Refugees,,,1,2,4,8,18,30,35,42,43,46,49,50
Australia,Mongolia,Asylum seekers,27,76,80,6,2,10,6,7,1,7,7,9,12,23
Australia,Morocco,Refugees,5,7,5,5,5,7,9,14,14,14,13,13,18,18
Australia,Morocco,Asylum seekers,4,5,5,3,,7,4,,1,,,1,6,5
Australia,Mozambique,Refugees,,,,,,,,1,1,1,1,5,5,5
Australia,Mozambique,Asylum seekers,1,1,,,,,1,1,,,,,1,*
Australia,Myanmar,Refugees,962,773,732,684,651,967,2558,433,455,489,444,514,534,513
Australia,Myanmar,Asylum seekers,156,145,83,25,7,17,14,21,41,24,34,37,60,74
Australia,Namibia,Refugees,,,,,,7,7,,,,,,,
Australia,Namibia,Asylum seekers,,,,,,,,,,,,,1,
Australia,Nauru,Asylum seekers,,1,1,,,,,,,,,,,
Australia,Nepal,Refugees,27,23,34,31,29,47,72,100,114,130,154,186,196,197
Australia,Nepal,Asylum seekers,181,203,59,45,23,40,30,24,17,29,100,223,185,300
Australia,Netherlands,Refugees,,,,,,,,,,,,1,1,*
Australia,Netherlands,Asylum seekers,1,,,,,,,,,,1,1,1,
Australia,New Zealand,Refugees,,,,,,,,,,,1,2,3,*
Australia,New Zealand,Asylum seekers,,1,,,,1,5,4,6,2,3,7,8,7
Australia,Nicaragua,Refugees,14,,,,,,,,,,,,,
Australia,Nicaragua,Asylum seekers,1,1,,,,,,,,,,,,
Australia,Niger,Refugees,8,8,1,1,,,,2,2,1,1,1,1,*
Australia,Niger,Asylum seekers,,,,,,,1,,,,,,1,
Australia,Nigeria,Refugees,24,28,29,23,29,34,53,68,67,88,101,106,116,132
Australia,Nigeria,Asylum seekers,108,120,56,43,3,16,9,13,22,16,18,57,78,103
Australia,Norway,Asylum seekers,,,,,,,,,1,,,,,*
Australia,Occupied Palestinian Territory,Refugees,55,105,151,158,130,130,90,159,167,167,172,165,,
Australia,Occupied Palestinian Territory,Asylum seekers,93,54,19,4,,11,5,10,8,19,27,38,,
Australia,Oman,Asylum seekers,,,2,1,,,,,,,,,,*
Australia,Pakistan,Refugees,578,561,479,389,363,322,316,440,438,589,747,1038,1957,2608
Australia,Pakistan,Asylum seekers,252,238,161,51,94,68,34,65,86,123,320,568,1098,1375
Australia,Palestinian,Refugees,,,,,,,,,,,,,179,238
Australia,Palestinian,Asylum seekers,,,,,,,,,,,,,159,84
Australia,Papua New Guinea,Refugees,,,1,2,2,8,15,27,44,68,87,126,172,219
Australia,Papua New Guinea,Asylum seekers,3,2,7,8,,17,7,19,12,9,41,46,83,144
Australia,Paraguay,Asylum seekers,1,2,1,,,,,,,,,,,
Australia,Peru,Refugees,55,42,31,19,10,8,6,19,14,8,6,6,2,*
Australia,Peru,Asylum seekers,56,93,57,4,,,,2,5,2,2,12,5,14
Australia,Philippines,Refugees,37,27,32,7,7,9,9,25,10,11,14,19,29,30
Australia,Philippines,Asylum seekers,141,75,19,19,20,15,20,8,8,18,15,41,48,52
Australia,Plurinational State of Bolivia,Asylum seekers,7,9,3,1,,,,,,,,,,
Australia,Poland,Refugees,1,,,,,,,,,,1,1,1,*
Australia,Poland,Asylum seekers,9,15,26,8,,,1,1,,1,3,1,1,*
Australia,Portugal,Refugees,1,,,,,,,,,,,,,
Australia,Portugal,Asylum seekers,6,8,10,4,,2,1,,,3,,,5,*
Australia,Qatar,Asylum seekers,1,1,,,,,,,,,,,,
Australia,Republic of Korea,Refugees,26,19,15,3,2,1,4,20,13,17,24,32,37,42
Australia,Republic of Korea,Asylum seekers,64,157,179,30,2,39,18,25,45,20,40,37,60,89
Australia,Republic of Moldova,Refugees,2,1,1,1,,,,1,1,,,,,
Australia,Republic of Moldova,Asylum seekers,48,37,22,8,,,,1,,,,,2,*
Australia,Romania,Refugees,12,11,6,7,8,8,9,12,13,17,18,17,14,12
Australia,Romania,Asylum seekers,25,33,21,16,4,2,2,2,,5,1,6,4,*
Australia,Russian Federation,Refugees,697,286,207,188,145,96,89,213,199,171,118,103,83,66
Australia,Russian Federation,Asylum seekers,180,179,99,11,5,13,2,3,8,2,6,8,12,28
Australia,Rwanda,Refugees,11,11,23,60,144,192,317,9,11,15,23,26,27,27
Australia,Rwanda,Asylum seekers,6,8,5,4,,,,2,10,3,2,3,12,21
Australia,Samoa,Refugees,1,1,,,,,,,,,1,1,1,*
Australia,Samoa,Asylum seekers,1,8,4,4,,2,,1,,1,,,6,
Australia,Saudi Arabia,Refugees,3,1,4,5,5,16,28,16,16,16,22,26,37,49
Australia,Saudi Arabia,Asylum seekers,1,2,,,,,,1,,1,3,15,25,18
Australia,Senegal,Refugees,1,1,,,,2,2,4,4,4,4,4,5,6
Australia,Senegal,Asylum seekers,7,5,5,1,,,,,,,1,1,2,
Australia,Serbia (and Kosovo: S/RES/1244 (1999)),Refugees,,,,,,,2432,266,241,191,93,87,80,77
Australia,Serbia (and Kosovo: S/RES/1244 (1999)),Asylum seekers,,,,,,,,3,1,1,2,1,2,*
Australia,Serbia and Montenegro,Refugees,,,,7250,5366,3826,,,,,,,,
Australia,Serbia and Montenegro,Asylum seekers,,,,108,144,9,2,,,,,,,
Australia,Seychelles,Asylum seekers,,,,,,,,,,,,1,,
Australia,Sierra Leone,Refugees,100,428,680,777,1422,1833,2103,32,30,32,33,35,33,33
Australia,Sierra Leone,Asylum seekers,20,19,4,2,,2,1,,10,9,5,1,4,9
Australia,Singapore,Refugees,4,6,6,6,5,5,,6,6,5,5,,,
Australia,Singapore,Asylum seekers,12,2,,2,,2,1,1,,1,1,4,11,9
Australia,Slovakia,Asylum seekers,,2,2,1,,,,,,,,1,,
Australia,Slovenia,Refugees,13,13,7,3,3,3,,,,,,,,
Australia,Slovenia,Asylum seekers,3,1,1,1,,4,,,,,,,,
Australia,Solomon Islands,Refugees,,8,16,22,22,22,27,32,32,32,32,24,16,15
Australia,Solomon Islands,Asylum seekers,19,12,3,3,,1,1,,,,,3,2,7
Australia,Somalia,Refugees,2094,2059,1743,1130,941,864,797,142,86,84,74,77,66,67
Australia,Somalia,Asylum seekers,18,14,12,9,,3,3,4,8,11,15,21,26,39
Australia,South Africa,Refugees,2,3,3,10,9,10,9,13,15,21,25,31,32,32
Australia,South Africa,Asylum seekers,25,36,29,6,,5,2,3,7,19,11,10,16,21
Australia,South Sudan,Asylum seekers,,,,,,,,,,,,,,*
Australia,Spain,Asylum seekers,1,2,2,,,1,1,,,,,3,3,
Australia,Sri Lanka,Refugees,2091,1675,1236,935,694,571,600,1707,1843,2070,2373,2572,2866,3313
Australia,Sri Lanka,Asylum seekers,528,532,310,131,39,185,195,140,184,230,253,270,2309,1890
Australia,Stateless,Refugees,137,144,135,139,102,54,35,112,121,149,347,849,1433,1689
Australia,Stateless,Asylum seekers,28,45,22,7,,7,1,8,7,13,29,57,160,457
Australia,Sudan,Refugees,2872,3858,6033,10037,16365,18827,21241,59,53,56,57,49,49,56
Australia,Sudan,Asylum seekers,15,12,3,5,,4,3,6,7,9,6,9,14,19
Australia,Swaziland,Refugees,,,,,,,1,,,,,,,
Australia,Sweden,Refugees,,,,,,,,,,1,1,1,1,*
Australia,Sweden,Asylum seekers,,,1,1,,1,,,,,1,,,
Australia,Switzerland,Refugees,,,,,,,,,,,1,,,
Australia,Syrian Arab Republic,Refugees,61,73,72,71,103,124,123,78,74,80,68,84,204,265
Australia,Syrian Arab Republic,Asylum seekers,61,48,20,19,2,3,9,2,11,7,18,66,74,139
Australia,Tajikistan,Refugees,,,,1,1,1,1,1,1,1,1,1,2,*
Australia,Tajikistan,Asylum seekers,1,1,1,,,,,,,,,1,,*
Australia,Thailand,Refugees,34,31,31,11,70,198,231,34,15,13,13,15,17,16
Australia,Thailand,Asylum seekers,97,63,153,42,5,30,21,5,3,5,17,8,20,16
Australia,The former Yugoslav Republic of Macedonia,Refugees,28,29,16,14,14,4,,10,10,10,,,,
Australia,The former Yugoslav Republic of Macedonia,Asylum seekers,83,124,32,13,2,3,1,1,,3,2,6,1,*
Australia,Tibetan,Refugees,,,,,,,15,,4,7,7,7,,7
Australia,Tibetan,Asylum seekers,,,,,,,,,,2,,,,5
Australia,Timor-Leste,Refugees,,,,127,221,251,251,6,7,7,8,8,8,8
Australia,Timor-Leste,Asylum seekers,19,20,513,5,,2,8,2,1,,1,,1,*
Australia,Togo,Refugees,,1,1,1,1,2,12,1,1,4,4,3,3,*
Australia,Togo,Asylum seekers,1,,,,,,,,4,,,,,*
Australia,Tonga,Refugees,3,1,1,1,1,,,1,3,3,3,7,11,16
Australia,Tonga,Asylum seekers,13,40,54,31,3,4,6,2,6,7,9,21,39,61
Australia,Trinidad and Tobago,Asylum seekers,,,,1,,,,,,,,,,
Australia,Tunisia,Refugees,3,8,9,15,15,13,8,15,17,17,15,12,10,6
Australia,Tunisia,Asylum seekers,11,7,4,,,,,,,,,,1,*
Australia,Turkey,Refugees,655,597,662,585,399,355,257,428,372,246,224,267,311,349
Australia,Turkey,Asylum seekers,92,134,66,51,10,29,11,25,20,34,99,105,104,133
Australia,Turkmenistan,Refugees,,,,,,,,,,2,2,2,2,*
Australia,Tuvalu,Asylum seekers,,1,1,,,,,,,,,,1,*
Australia,Uganda,Refugees,20,25,49,51,239,370,391,21,27,31,33,42,43,48
Australia,Uganda,Asylum seekers,12,12,5,8,,5,2,4,11,2,5,17,19,11
Australia,Ukraine,Refugees,20,27,40,44,40,34,30,55,55,52,42,40,26,20
Australia,Ukraine,Asylum seekers,203,259,125,9,,4,6,2,,3,11,7,16,12
Australia,United Arab Emirates,Refugees,4,11,9,10,10,8,1,3,3,4,2,4,4,*
Australia,United Arab Emirates,Asylum seekers,,1,1,1,,,,,,,2,1,1,*
Australia,United Kingdom,Refugees,,,4,4,4,5,11,2,2,2,2,2,2,*
Australia,United Kingdom,Asylum seekers,5,4,5,1,,3,2,1,,6,6,9,26,10
Australia,United Republic of Tanzania,Refugees,8,6,8,6,149,489,513,8,7,7,11,11,9,9
Australia,United Republic of Tanzania,Asylum seekers,7,10,3,4,,2,1,4,,1,2,1,2,7
Australia,United States,Refugees,1,1,1,2,1,2,3,4,8,8,8,8,9,8
Australia,United States,Asylum seekers,2,6,4,3,,1,,1,,1,2,7,16,9
Australia,Uruguay,Refugees,1,1,,,,,,,,,,,,
Australia,Uruguay,Asylum seekers,7,16,36,7,,5,,,,,,,1,
Australia,Uzbekistan,Refugees,3,4,6,8,8,11,21,23,22,24,29,31,30,29
Australia,Uzbekistan,Asylum seekers,9,21,11,5,,3,1,3,3,7,4,5,5,*
Australia,Vanuatu,Refugees,,,,,,,,,,,1,1,1,*
Australia,Vanuatu,Asylum seekers,2,1,,,,,,,,1,,,,
Australia,Viet Nam,Refugees,1731,918,337,255,232,243,211,57,50,52,52,58,88,90
Australia,Viet Nam,Asylum seekers,158,185,101,55,7,18,12,14,15,14,53,55,50,102
Australia,Western Sahara,Asylum seekers,,,,,,,,,,,,,,*
Australia,Yemen,Refugees,18,35,35,44,29,30,15,10,8,6,6,4,7,6
Australia,Yemen,Asylum seekers,2,3,4,1,,1,,1,1,,,3,8,10
Australia,Zambia,Refugees,1,1,1,1,1,4,4,3,5,5,5,5,6,6
Australia,Zambia,Asylum seekers,3,3,6,8,,,,,1,1,2,1,11,12
Australia,Zimbabwe,Refugees,1,5,13,43,42,77,113,148,294,564,775,888,953,991
Australia,Zimbabwe,Asylum seekers,22,29,40,23,,24,20,33,69,86,105,150,150,100
Australia,Various,Refugees,1534,1245,1145,159,448,442,393,1298,304,237,226,183,178,177
Australia,Various,Asylum seekers,388,244,169,11,2584,5,1,7,,34,38,19,57,78
Austria,Afghanistan,Refugees,679,1049,1270,1595,2482,2991,3664,4191,5387,6401,7359,8636,10158,11906
Austria,Afghanistan,Asylum seekers,,,,,,,1575,1544,2016,2808,2696,4576,6203,6248
Austria,Albania,Refugees,120,134,134,149,155,158,172,168,179,178,180,169,150,125
Austria,Albania,Asylum seekers,,,,,,,284,276,273,267,174,108,87,118
Austria,Algeria,Refugees,5,6,6,7,7,10,11,22,24,28,33,41,50,51
Austria,Algeria,Asylum seekers,,,,,,,324,273,268,258,247,259,175,318
Austria,Angola,Refugees,17,23,33,54,79,94,112,131,144,158,173,179,173,157
Austria,Angola,Asylum seekers,,,,,,,66,41,46,37,25,28,22,15
Austria,Armenia,Refugees,22,28,38,64,111,174,309,468,715,797,855,930,974,998
Austria,Armenia,Asylum seekers,,,,,,,1754,1714,1502,1343,881,431,493,471
Austria,Australia,Asylum seekers,,,,,,,,,,,,1,1,*
Austria,Austria,Refugees,1,1,1,1,,,1,1,,,,,,
Austria,Azerbaijan,Refugees,17,22,29,42,68,95,135,208,290,320,381,407,418,425
Austria,Azerbaijan,Asylum seekers,,,,,,,357,322,324,299,196,148,162,132
Austria,Bangladesh,Refugees,8,2,2,2,4,2,9,9,26,44,64,82,93,126
Austria,Bangladesh,Asylum seekers,,,,,,,344,317,299,321,355,322,378,429
Austria,Barbados,Asylum seekers,,,,,,,,,1,,,,,
Austria,Belarus,Refugees,,2,3,3,8,17,24,43,59,81,96,100,106,111
Austria,Belarus,Asylum seekers,,,,,,,269,216,188,143,75,51,34,28
Austria,Benin,Refugees,,,,,,1,3,4,4,4,5,5,5,5
Austria,Benin,Asylum seekers,,,,,,,18,12,13,16,15,8,7,10
Austria,Bhutan,Refugees,,,,,,,,,,,1,1,1,*
Austria,Bhutan,Asylum seekers,,,,,,,1,1,1,1,,1,2,*
Austria,Bolivarian Republic of Venezuela,Asylum seekers,,,,,,,1,1,1,1,,,,
Austria,Bosnia and Herzegovina,Refugees,1398,1402,1255,726,581,231,200,171,205,206,211,215,219,210
Austria,Bosnia and Herzegovina,Asylum seekers,,,,,,,469,392,363,316,267,178,155,151
Austria,Botswana,Asylum seekers,,,,,,,1,1,1,,,,,
Austria,Brazil,Refugees,,,,,,,,,1,1,1,1,1,*
Austria,Brazil,Asylum seekers,,,,,,,1,1,,,,,,*
Austria,Bulgaria,Refugees,62,22,4,5,5,8,8,5,5,5,5,6,6,5
Austria,Bulgaria,Asylum seekers,,,,,,,49,24,20,18,12,4,5,5
Austria,Burkina Faso,Refugees,,,1,1,1,1,3,3,5,5,7,10,10,11
Austria,Burkina Faso,Asylum seekers,,,,,,,15,13,9,12,8,5,9,8
Austria,Burundi,Refugees,3,7,7,8,13,11,13,15,20,24,24,21,21,21
Austria,Burundi,Asylum seekers,,,,,,,20,17,14,10,4,1,3,*
Austria,Cambodia,Refugees,180,42,32,23,21,20,16,13,6,5,1,2,1,*
Austria,Cambodia,Asylum seekers,,,,,,,2,2,2,1,,,,
Austria,Cameroon,Refugees,20,27,39,51,61,84,97,128,159,186,199,211,221,235
Austria,Cameroon,Asylum seekers,,,,,,,187,157,151,131,98,85,88,78
Austria,Canada,Refugees,,,,,,,,,,,,,1,*
Austria,Canada,Asylum seekers,,,,,,,1,1,,,1,,,
Austria,Cape Verde,Asylum seekers,,,,,,,1,1,,,,,,
Austria,Central African Republic,Asylum seekers,,,,,,,1,1,1,1,,,,
Austria,Chad,Refugees,6,6,6,2,2,2,2,2,2,3,3,3,1,*
Austria,Chad,Asylum seekers,,,,,,,2,3,3,3,3,5,7,6
Austria,Chile,Refugees,11,6,4,2,2,2,2,,,,,,,
Austria,Chile,Asylum seekers,,,,,,,4,4,4,3,,,,
Austria,China,Refugees,37,25,21,30,33,41,62,102,137,188,225,281,328,388
Austria,China,Asylum seekers,,,,,,,1128,1024,1021,866,535,407,353,365
Austria,Colombia,Refugees,28,26,24,24,24,32,41,38,37,32,22,20,19,19
Austria,Colombia,Asylum seekers,,,,,,,6,5,4,4,5,6,5,5
Austria,Comoros,Asylum seekers,,,,,,,,,,,,1,1,*
Austria,Congo,Refugees,13,18,26,35,38,46,56,67,75,92,102,119,122,122
Austria,Congo,Asylum seekers,,,,,,,37,36,32,32,21,27,22,18
Austria,Côte d'Ivoire,Refugees,3,3,3,4,7,9,9,15,21,25,28,54,60,60
Austria,Côte d'Ivoire,Asylum seekers,,,,,,,52,42,33,39,38,30,28,38
Austria,Croatia,Refugees,26,26,26,26,30,23,17,17,17,15,8,8,9,9
Austria,Croatia,Asylum seekers,,,,,,,28,22,19,11,9,5,11,*
Austria,Cuba,Refugees,11,2,1,2,1,5,6,13,17,20,21,23,25,24
Austria,Cuba,Asylum seekers,,,,,,,9,10,7,7,2,4,10,18
Austria,Czech Republic,Refugees,10,7,5,5,4,3,3,3,3,2,1,1,1,*
Austria,Czech Republic,Asylum seekers,,,,,,,14,4,1,,1,,1,
Austria,Democratic People's Republic of Korea,Asylum seekers,,,,,,,2,,,,2,,,
Austria,Democratic Republic of the Congo,Refugees,170,188,201,227,271,313,352,370,392,402,427,434,449,448
Austria,Democratic Republic of the Congo,Asylum seekers,,,,,,,122,108,128,137,100,104,111,121
Austria,Djibouti,Asylum seekers,,,,,,,,,1,1,,2,3,*
Austria,Dominican Republic,Asylum seekers,,,,,,,2,1,1,1,1,,,
Austria,Ecuador,Asylum seekers,,,,,,,,,,1,,,,
Austria,Egypt,Refugees,23,21,19,21,29,31,30,33,32,36,40,59,82,96
Austria,Egypt,Asylum seekers,,,,,,,83,88,91,114,129,174,192,247
Austria,Equatorial Guinea,Refugees,,,,,,,,1,1,1,1,1,1,*
Austria,Equatorial Guinea,Asylum seekers,,,,,,,4,3,3,2,1,1,1,*
Austria,Eritrea,Refugees,1,1,2,6,13,21,24,29,34,48,63,76,88,101
Austria,Eritrea,Asylum seekers,,,,,,,13,17,28,31,19,24,19,54
Austria,Estonia,Refugees,,,,,,,,,3,3,3,3,3,*
Austria,Estonia,Asylum seekers,,,,,,,,1,,,,,,
Austria,Ethiopia,Refugees,55,46,40,54,70,76,87,90,98,113,127,139,143,136
Austria,Ethiopia,Asylum seekers,,,,,,,61,54,54,48,49,38,42,54
Austria,Federal Republic of Yugoslavia,Refugees,3931,4099,4138,,,,,,,,,,,
Austria,France,Refugees,,,,1,1,1,1,1,1,1,1,1,1,
Austria,Gabon,Asylum seekers,,,,,,,3,4,3,7,7,6,7,8
Austria,Gambia,Refugees,,1,5,6,13,12,19,24,33,48,71,83,90,101
Austria,Gambia,Asylum seekers,,,,,,,306,268,214,189,112,103,95,108
Austria,Georgia,Refugees,3,9,22,82,153,226,291,377,532,654,730,774,819,788
Austria,Georgia,Asylum seekers,,,,,,,1752,1375,1350,1188,643,410,326,322
Austria,Germany,Asylum seekers,,,,,,,,,,,1,,1,*
Austria,Ghana,Refugees,38,34,26,26,29,20,19,18,23,31,35,35,37,39
Austria,Ghana,Asylum seekers,,,,,,,233,196,157,120,39,43,28,34
Austria,Guatemala,Refugees,,,,,,,,,5,5,5,5,5,6
Austria,Guatemala,Asylum seekers,,,,,,,,5,,,,,,*
Austria,Guinea,Refugees,7,8,9,12,15,21,26,29,36,36,47,67,74,86
Austria,Guinea,Asylum seekers,,,,,,,112,88,88,126,113,90,91,97
Austria,Guinea-Bissau,Refugees,,,,,,,,,1,2,2,2,4,*
Austria,Guinea-Bissau,Asylum seekers,,,,,,,69,40,34,38,34,38,25,20
Austria,Haiti,Asylum seekers,,,,,,,,,,,1,,,
Austria,Honduras,Asylum seekers,,,,,,,,,,,,,,*
Austria,Hungary,Refugees,2,1,1,1,1,1,1,1,1,1,,,,
Austria,Hungary,Asylum seekers,,,,,,,4,1,,,,1,1,*
Austria,India,Refugees,4,6,3,3,3,4,9,10,23,37,43,48,50,53
Austria,India,Asylum seekers,,,,,,,1429,1297,1066,851,588,499,545,442
Austria,Indonesia,Refugees,3,4,4,4,4,4,4,4,4,1,1,,,
Austria,Indonesia,Asylum seekers,,,,,,,,1,1,,,,,
Austria,Iraq,Refugees,1902,1769,1151,1141,1429,1224,1179,1366,1972,2183,2320,2622,2863,2966
Austria,Iraq,Asylum seekers,,,,,,,643,636,745,807,912,893,807,699
Austria,Islamic Republic of Iran,Refugees,1480,1251,1076,1112,1445,1589,1679,1929,2112,2183,2357,2509,2816,3188
Austria,Islamic Republic of Iran,Asylum seekers,,,,,,,855,661,586,606,577,624,804,687
Austria,Israel,Refugees,,,,,,,,,,,2,2,2,*
Austria,Israel,Asylum seekers,,,,,,,19,15,17,10,14,12,18,18
Austria,Italy,Asylum seekers,,,,,,,,,,,,1,,
Austria,Jamaica,Asylum seekers,,,,,,,,,,,1,,,*
Austria,Jordan,Refugees,7,7,1,1,2,2,1,4,5,7,9,9,10,13
Austria,Jordan,Asylum seekers,,,,,,,12,22,29,28,25,28,29,33
Austria,Kazakhstan,Refugees,,,,9,13,17,18,22,26,31,34,42,50,49
Austria,Kazakhstan,Asylum seekers,,,,,,,50,50,56,56,53,43,48,81
Austria,Kenya,Refugees,,,,,,1,2,3,4,9,11,20,24,27
Austria,Kenya,Asylum seekers,,,,,,,16,20,27,32,35,25,38,36
Austria,Kuwait,Refugees,,,,,,,,,,,,1,2,*
Austria,Kuwait,Asylum seekers,,,,,,,,,,,1,1,,
Austria,Kyrgyzstan,Refugees,,15,17,20,25,56,87,103,156,194,217,244,258,272
Austria,Kyrgyzstan,Asylum seekers,,,,,,,202,183,131,81,141,114,112,97
Austria,Lao People's Democratic Republic,Refugees,22,21,21,21,9,1,1,1,1,1,1,1,1,*
Austria,Latvia,Refugees,,,,,,,,2,2,2,2,2,2,*
Austria,Latvia,Asylum seekers,,,,,,,3,1,1,2,2,2,2,*
Austria,Lebanon,Refugees,58,37,33,21,17,11,10,30,27,33,36,44,46,50
Austria,Lebanon,Asylum seekers,,,,,,,136,144,134,136,122,81,59,45
Austria,Liberia,Refugees,20,18,14,15,19,15,20,15,22,25,27,27,27,26
Austria,Liberia,Asylum seekers,,,,,,,183,109,72,62,38,34,35,36
Austria,Libya,Refugees,,,,,,,,,,,,5,6,6
Austria,Libya,Asylum seekers,,,,,,,,,,,,23,19,23
Austria,Libyan Arab Jamahiriya,Refugees,2,2,2,1,2,2,2,2,2,2,2,,,
Austria,Libyan Arab Jamahiriya,Asylum seekers,,,,,,,10,9,10,14,6,,,
Austria,Lithuania,Asylum seekers,,,,,,,2,,,1,1,1,1,*
Austria,Madagascar,Refugees,,,,,,2,2,2,2,2,2,4,5,5
Austria,Madagascar,Asylum seekers,,,,,,,2,,,,,1,,
Austria,Malawi,Asylum seekers,,,,,,,3,2,,,,,,
Austria,Maldives,Asylum seekers,,,,,,,,,,,1,,,
Austria,Mali,Refugees,,,,,,,1,,1,1,1,1,5,11
Austria,Mali,Asylum seekers,,,,,,,43,33,24,25,31,31,34,35
Austria,Mauritania,Refugees,,,,,2,3,4,5,5,6,6,6,7,7
Austria,Mauritania,Asylum seekers,,,,,,,19,10,8,11,5,6,4,9
Austria,Mauritius,Refugees,,,,,,,,,,,,,,*
Austria,Mauritius,Asylum seekers,,,,,,,3,2,,,1,1,2,*
Austria,Mexico,Refugees,,,,,,,,,,,1,1,1,*
Austria,Mexico,Asylum seekers,,,,,,,,1,1,1,,,,
Austria,Mongolia,Refugees,8,8,4,4,10,16,26,53,101,119,131,157,176,183
Austria,Mongolia,Asylum seekers,,,,,,,969,895,872,911,632,411,276,246
Austria,Montenegro,Refugees,,,,,,,,4,12,12,12,13,13,13
Austria,Montenegro,Asylum seekers,,,,,,,12,16,19,17,11,9,9,11
Austria,Morocco,Refugees,,1,1,1,1,2,5,6,7,12,14,13,14,15
Austria,Morocco,Asylum seekers,,,,,,,83,60,110,72,83,145,162,216
Austria,Myanmar,Refugees,,,,,,,,,6,6,7,11,16,26
Austria,Myanmar,Asylum seekers,,,,,,,3,8,8,10,7,2,8,11
Austria,Namibia,Asylum seekers,,,,,,,1,,,,,,,
Austria,Nepal,Refugees,,,,,1,,8,13,19,28,35,38,40,41
Austria,Nepal,Asylum seekers,,,,,,,155,167,167,145,73,101,81,63
Austria,Netherlands,Asylum seekers,,,,,,,,,,1,,,,
Austria,Nicaragua,Asylum seekers,,,,,,,,,,,,1,1,*
Austria,Niger,Refugees,,,,,,,1,1,1,1,1,1,1,*
Austria,Niger,Asylum seekers,,,,,,,6,4,3,7,5,8,5,10
Austria,Nigeria,Refugees,55,50,46,41,48,55,72,97,139,173,228,288,315,346
Austria,Nigeria,Asylum seekers,,,,,,,3284,2544,1942,1804,1200,971,865,837
Austria,Pakistan,Refugees,38,26,18,19,16,24,34,40,61,66,69,74,94,131
Austria,Pakistan,Asylum seekers,,,,,,,521,477,427,423,494,1059,1256,654
Austria,Palau,Asylum seekers,,,,,,,,,,,,,,*
Austria,Peru,Refugees,3,1,1,1,1,2,2,2,2,3,3,2,2,*
Austria,Peru,Asylum seekers,,,,,,,3,2,2,,,,2,*
Austria,Philippines,Refugees,,,,,2,,,2,5,5,6,7,9,9
Austria,Philippines,Asylum seekers,,,,,,,5,7,4,6,8,3,4,*
Austria,Plurinational State of Bolivia,Refugees,,,2,6,6,6,6,6,6,6,15,15,13,10
Austria,Plurinational State of Bolivia,Asylum seekers,,,,,,,20,21,13,16,16,3,3,*
Austria,Poland,Refugees,10,10,9,8,4,3,2,1,1,1,1,,,
Austria,Poland,Asylum seekers,,,,,,,7,1,3,,1,1,3,*
Austria,Qatar,Asylum seekers,,,,,,,,,,,,,,*
Austria,Republic of Korea,Refugees,,,,,,,,,,,1,2,2,*
Austria,Republic of Korea,Asylum seekers,,,,,,,,,,1,1,,,*
Austria,Republic of Moldova,Refugees,,4,5,5,19,32,55,80,111,121,137,143,145,147
Austria,Republic of Moldova,Asylum seekers,,,,,,,582,431,357,222,97,74,75,68
Austria,Romania,Refugees,2079,845,362,208,118,96,72,56,53,45,40,37,37,36
Austria,Romania,Asylum seekers,,,,,,,214,109,73,66,47,35,36,33
Austria,Russian Federation,Refugees,201,186,150,911,4152,6438,8723,11571,14122,15828,17229,18473,19517,19577
Austria,Russian Federation,Asylum seekers,,,,,,,6977,5561,5312,4693,3870,3109,3157,3250
Austria,Rwanda,Refugees,57,73,74,87,91,88,85,64,62,62,54,41,40,28
Austria,Rwanda,Asylum seekers,,,,,,,19,14,16,12,10,10,11,12
Austria,Saudi Arabia,Asylum seekers,,,,,,,,,,1,,,1,
Austria,Senegal,Refugees,1,1,1,1,2,1,1,,3,3,3,4,7,7
Austria,Senegal,Asylum seekers,,,,,,,41,36,32,41,48,50,43,43
Austria,Serbia (and Kosovo: S/RES/1244 (1999)),Refugees,,,,,,,5485,5783,6218,3473,3353,3290,3165,3075
Austria,Serbia (and Kosovo: S/RES/1244 (1999)),Asylum seekers,,,,,,,6532,5331,4687,3957,2797,1598,1065,952
Austria,Serbia and Montenegro,Refugees,,,,4265,4715,5091,,,,,,,,
Austria,Sierra Leone,Refugees,16,20,30,37,42,44,43,47,47,45,46,44,36,32
Austria,Sierra Leone,Asylum seekers,,,,,,,102,77,48,50,37,37,38,37
Austria,Singapore,Asylum seekers,,,,,,,,,,,,,1,
Austria,Slovakia,Refugees,2,2,4,4,4,2,3,3,3,3,4,4,2,*
Austria,Slovakia,Asylum seekers,,,,,,,8,4,2,,,,3,*
Austria,Slovenia,Refugees,1,1,1,1,1,1,,,,,,,,
Austria,Slovenia,Asylum seekers,,,,,,,2,,,2,1,,,
Austria,Somalia,Refugees,54,55,60,81,93,146,266,456,630,830,1093,1473,1915,2278
Austria,Somalia,Asylum seekers,,,,,,,176,318,417,485,407,691,798,812
Austria,South Africa,Refugees,,,,,,,2,,2,2,2,5,5,5
Austria,South Africa,Asylum seekers,,,,,,,4,6,8,7,6,2,2,*
Austria,South Sudan,Refugees,,,,,,,,,,,,,,*
Austria,South Sudan,Asylum seekers,,,,,,,,,,,,,,19
Austria,Sri Lanka,Refugees,13,11,6,5,6,4,6,9,15,27,31,31,30,32
Austria,Sri Lanka,Asylum seekers,,,,,,,81,57,46,47,45,49,52,44
Austria,Stateless,Refugees,32,41,44,66,73,122,180,233,337,374,443,535,625,658
Austria,Stateless,Asylum seekers,,,,,,,383,378,340,336,278,217,178,301
Austria,Stateless,Stateless,,,,,524,500,501,472,464,523,401,464,542,604
Austria,Sudan,Refugees,29,33,42,58,79,108,135,151,163,171,191,237,250,265
Austria,Sudan,Asylum seekers,,,,,,,140,101,88,98,88,96,100,98
Austria,Sweden,Asylum seekers,,,,,,,,,,,,1,,
Austria,Syrian Arab Republic,Refugees,85,79,61,61,75,122,167,255,333,385,505,903,1675,2748
Austria,Syrian Arab Republic,Asylum seekers,,,,,,,290,326,357,495,471,456,694,1561
Austria,Tajikistan,Refugees,28,29,34,35,37,40,42,51,49,44,44,50,59,70
Austria,Tajikistan,Asylum seekers,,,,,,,21,16,19,28,32,55,93,114
Austria,Thailand,Asylum seekers,,,,,,,1,3,2,2,2,2,2,*
Austria,The former Yugoslav Republic of Macedonia,Refugees,9,9,10,17,31,36,57,82,125,156,161,168,168,161
Austria,The former Yugoslav Republic of Macedonia,Asylum seekers,,,,,,,955,793,713,476,327,187,132,162
Austria,Timor-Leste,Asylum seekers,,,,,,,,,,,,1,6,*
Austria,Togo,Refugees,10,10,12,13,14,23,24,26,23,28,27,28,27,26
Austria,Togo,Asylum seekers,,,,,,,29,22,19,11,6,7,6,8
Austria,Trinidad and Tobago,Asylum seekers,,,,,,,,,,1,,,,
Austria,Tunisia,Refugees,36,41,40,41,40,33,34,34,30,15,13,9,9,8
Austria,Tunisia,Asylum seekers,,,,,,,26,25,28,29,43,69,86,104
Austria,Turkey,Refugees,438,383,354,401,450,466,584,758,1060,1167,1288,1329,1309,1276
Austria,Turkey,Asylum seekers,,,,,,,3464,3054,2425,1834,1007,655,493,415
Austria,Turkmenistan,Refugees,,,,9,11,12,12,12,12,14,14,14,14,8
Austria,Turkmenistan,Asylum seekers,,,,,,,6,7,5,3,1,1,2,*
Austria,Uganda,Refugees,4,6,7,8,9,12,16,18,18,17,18,17,17,18
Austria,Uganda,Asylum seekers,,,,,,,41,34,30,27,28,27,19,21
Austria,Ukraine,Refugees,14,19,28,38,65,101,131,151,221,259,282,308,309,311
Austria,Ukraine,Asylum seekers,,,,,,,721,684,515,368,238,141,131,125
Austria,United Republic of Tanzania,Refugees,,,,,,,,,,,,2,2,*
Austria,United Republic of Tanzania,Asylum seekers,,,,,,,2,2,,,,3,4,6
Austria,United States,Refugees,,,,,,1,1,1,1,1,1,1,1,*
Austria,United States,Asylum seekers,,,,,,,1,1,1,1,,,,
Austria,Uruguay,Asylum seekers,,,,,,,,,,1,,,,
Austria,Uzbekistan,Refugees,5,6,6,6,17,25,41,48,92,111,117,130,134,142
Austria,Uzbekistan,Asylum seekers,,,,,,,100,96,73,77,79,61,41,53
Austria,Viet Nam,Refugees,243,181,172,139,118,102,52,52,51,45,42,37,37,38
Austria,Viet Nam,Asylum seekers,,,,,,,118,100,71,17,9,6,13,9
Austria,Western Sahara,Asylum seekers,,,,,,,,1,,3,,,,*
Austria,Yemen,Refugees,,,1,1,1,3,3,6,7,7,9,10,12,14
Austria,Yemen,Asylum seekers,,,,,,,5,2,3,3,2,5,4,*
Austria,Zambia,Asylum seekers,,,,,,,1,1,1,1,1,3,2,*
Austria,Zimbabwe,Refugees,1,1,1,1,2,2,3,3,10,13,18,22,22,23
Austria,Zimbabwe,Asylum seekers,,,,,,,14,8,13,11,18,7,4,6
Austria,Various,Refugees,1615,1834,2789,3885,139,258,263,290,305,310,313,315,322,321
Austria,Various,Asylum seekers,9945,15187,29494,33564,38262,40710,2855,4720,5745,3654,3626,3966,701,613
Azerbaijan,Afghanistan,Refugees,172,243,257,171,148,90,104,108,125,149,718,706,576,603
Azerbaijan,Afghanistan,Asylum seekers,843,931,919,925,893,52,33,45,24,15,2,21,82,164
Azerbaijan,Afghanistan,Others of concern,,,,,,,372,411,469,508,,,,
Azerbaijan,Algeria,Refugees,2,,,,,,,,,,,,,
Azerbaijan,Algeria,Asylum seekers,1,1,3,2,5,,,,,,,,3,
Azerbaijan,Armenia,Refugees,,,,,,,,,1,3,3,8,5,5
Azerbaijan,Armenia,Asylum seekers,,,,,,,,,,,5,,,
Azerbaijan,Azerbaijan,Internally displaced,572451,572955,577179,575609,578545,578545,686586,686586,603251,586013,592860,599192,600336,609029
Azerbaijan,Bangladesh,Asylum seekers,,,,,,1,,,,1,,,1,
Azerbaijan,Cambodia,Refugees,,,,,,,,,,,,1,1,*
Azerbaijan,Cambodia,Asylum seekers,,,,1,1,,,,,,,1,,
Azerbaijan,China,Refugees,,,2,2,1,,,,,,,,,
Azerbaijan,China,Asylum seekers,,1,,,,,,,,,,,,
Azerbaijan,Democratic Republic of the Congo,Refugees,,,,,,,1,1,1,1,1,1,1,*
Azerbaijan,Georgia,Asylum seekers,,,1,4,6,2,1,,,,,,1,*
Azerbaijan,Ghana,Asylum seekers,,1,,,,,,,,,,,,
Azerbaijan,India,Asylum seekers,,,3,1,,,1,1,,,,,,
Azerbaijan,Indonesia,Asylum seekers,2,,,,,,,,,,,,,
Azerbaijan,Iraq,Refugees,19,30,43,29,24,19,3,29,55,37,23,27,12,9
Azerbaijan,Iraq,Asylum seekers,11,41,51,49,41,,9,11,1,4,,1,,12
Azerbaijan,Iraq,Others of concern,,,,,,,23,20,3,2,,,,
Azerbaijan,Islamic Republic of Iran,Refugees,25,11,23,38,47,55,71,90,97,113,104,85,78,77
Azerbaijan,Islamic Republic of Iran,Asylum seekers,42,144,184,186,233,45,26,9,8,8,2,14,17,5
Azerbaijan,Jordan,Refugees,,1,1,1,1,,,,,,,,,
Azerbaijan,Jordan,Asylum seekers,1,,,,,,6,,,,,,,
Azerbaijan,Kazakhstan,Refugees,,,,,,,,,,,,,1,
Azerbaijan,Kazakhstan,Asylum seekers,,,,,,,,1,,,,,,
Azerbaijan,Kuwait,Refugees,,,,7,,,,,,,,,,
Azerbaijan,Lao People's Democratic Republic,Asylum seekers,,,,1,,,,,,,,,,
Azerbaijan,Libyan Arab Jamahiriya,Asylum seekers,1,,,,,,,,,,,,,
Azerbaijan,Nepal,Asylum seekers,,,,,,2,,,,,,,,
Azerbaijan,Nigeria,Asylum seekers,,,,,,1,,,,,,,,
Azerbaijan,Occupied Palestinian Territory,Refugees,2,7,14,9,8,7,9,9,8,1,11,5,,
Azerbaijan,Occupied Palestinian Territory,Asylum seekers,3,3,2,11,10,7,,,,,,,,
Azerbaijan,Pakistan,Refugees,,,,,1,1,1,1,1,1,3,7,5,9
Azerbaijan,Pakistan,Asylum seekers,3,9,,1,32,3,6,8,8,5,3,3,11,38
Azerbaijan,Palestinian,Refugees,,,,,,,,,,,,,5,8
Azerbaijan,Palestinian,Asylum seekers,,,,,,,,,,,,,3,
Azerbaijan,Republic of Moldova,Asylum seekers,,,,,,,,,,,,,,*
Azerbaijan,Russian Federation,Refugees,64,72,116,65,8367,2828,2425,2110,1770,1334,1028,889,781,657
Azerbaijan,Russian Federation,Asylum seekers,2462,5394,6941,7620,,,5,,,10,4,7,11,44
Azerbaijan,Somalia,Refugees,,,,3,4,,,,,,,,,
Azerbaijan,Sri Lanka,Asylum seekers,,8,,,,,,,,,,,,
Azerbaijan,Stateless,Stateless,,,,,30000,2300,2300,2078,2078,2078,2078,1741,3585,3585
Azerbaijan,Sudan,Refugees,1,1,1,,,,,,,,,,,
Azerbaijan,Sudan,Asylum seekers,,2,2,1,1,,,,,,,,,
Azerbaijan,Syrian Arab Republic,Refugees,1,1,1,1,2,1,1,1,,,,1,3,9
Azerbaijan,Syrian Arab Republic,Asylum seekers,,1,,,,2,,,,,,,6,6
Azerbaijan,Tajikistan,Asylum seekers,,,,2,3,,,,,,,,,
Azerbaijan,Turkey,Asylum seekers,3,4,3,,1,,1,,,,,,,*
Azerbaijan,Turkmenistan,Refugees,,,,,3,3,3,3,3,3,,,,
Azerbaijan,Turkmenistan,Asylum seekers,,,6,,3,,,,,,,,,
Azerbaijan,Turkmenistan,Returned refugees,27,17,,,,1,1,,,1,,,,
Azerbaijan,Ukraine,Asylum seekers,,2,,,,,,,,,,,,
Azerbaijan,United Arab Emirates,Refugees,,,,,,,,,,,,,,*
Azerbaijan,Uzbekistan,Asylum seekers,,,,,,,,,,3,1,1,,
Azerbaijan,Yemen,Refugees,1,1,,,,,,,,,,,,
Azerbaijan,Yemen,Asylum seekers,4,9,1,1,2,,,,,,,,,*